FrameID,Uncompressed,Compressed_Mbytes,Compressed_Mbits_q=32
1,5.93,0.81,6.48
2,5.93,0.81,6.48
3,5.93,0.8,6.4
4,5.93,0.8,6.4
5,5.93,0.8,6.4
6,5.93,0.8,6.4
7,5.93,0.8,6.4
8,5.93,0.8,6.4
9,5.93,0.79,6.32
10,5.93,0.79,6.32
11,5.93,0.79,6.32
12,5.93,0.79,6.32
13,5.93,0.79,6.32
14,5.93,0.79,6.32
15,5.93,0.79,6.32
16,5.93,0.8,6.4
17,5.93,0.8,6.4
18,5.93,0.8,6.4
19,5.93,0.8,6.4
20,5.93,0.8,6.4
21,5.93,0.8,6.4
22,5.93,0.81,6.48
23,5.93,0.81,6.48
24,5.93,0.81,6.48
25,5.93,0.81,6.48
26,5.93,0.81,6.48
27,5.93,0.81,6.48
28,5.93,0.81,6.48
29,5.93,0.81,6.48
30,5.93,0.81,6.48
31,5.93,0.83,6.64
32,5.93,0.82,6.56
33,5.93,0.82,6.56
34,5.93,0.82,6.56
35,5.93,0.82,6.56
36,5.93,0.82,6.56
37,5.93,0.82,6.56
38,5.93,0.83,6.64
39,5.93,0.82,6.56
40,5.93,0.82,6.56
41,5.93,0.82,6.56
42,5.93,0.82,6.56
43,5.93,0.82,6.56
44,5.93,0.82,6.56
45,5.93,0.82,6.56
46,5.93,0.82,6.56
47,5.93,0.83,6.64
48,5.93,0.83,6.64
49,5.93,0.83,6.64
50,5.93,0.83,6.64
51,5.93,0.83,6.64
52,5.93,0.83,6.64
53,5.93,0.83,6.64
54,5.93,0.83,6.64
55,5.93,0.84,6.72
56,5.93,0.84,6.72
57,5.93,0.84,6.72
58,5.93,0.84,6.72
59,5.93,0.84,6.72
60,5.93,0.84,6.72
61,5.93,0.86,6.88
62,5.93,0.86,6.88
63,5.93,0.86,6.88
64,5.93,0.86,6.88
65,5.93,0.86,6.88
66,5.93,0.86,6.88
67,5.93,0.86,6.88
68,5.93,0.86,6.88
69,5.93,0.86,6.88
70,5.93,0.86,6.88
71,5.93,0.86,6.88
72,5.93,0.86,6.88
73,5.93,0.86,6.88
74,5.93,0.86,6.88
75,5.93,0.86,6.88
76,5.93,0.87,6.96
77,5.93,0.87,6.96
78,5.93,0.87,6.96
79,5.93,0.87,6.96
80,5.93,0.87,6.96
81,5.93,0.87,6.96
82,5.93,0.87,6.96
83,5.93,0.88,7.04
84,5.93,0.88,7.04
85,5.93,0.88,7.04
86,5.93,0.88,7.04
87,5.93,0.87,6.96
88,5.93,0.87,6.96
89,5.93,0.87,6.96
90,5.93,0.87,6.96
91,5.93,0.89,7.12
92,5.93,0.88,7.04
93,5.93,0.88,7.04
94,5.93,0.88,7.04
95,5.93,0.88,7.04
96,5.93,0.87,6.96
97,5.93,0.87,6.96
98,5.93,0.87,6.96
99,5.93,0.87,6.96
100,5.93,0.87,6.96
101,5.93,0.87,6.96
102,5.93,0.87,6.96
103,5.93,0.87,6.96
104,5.93,0.87,6.96
105,5.93,0.87,6.96
106,5.93,0.88,7.04
107,5.93,0.87,6.96
108,5.93,0.88,7.04
109,5.93,0.87,6.96
110,5.93,0.87,6.96
111,5.93,0.87,6.96
112,5.93,0.87,6.96
113,5.93,0.87,6.96
114,5.93,0.87,6.96
115,5.93,0.87,6.96
116,5.93,0.87,6.96
117,5.93,0.87,6.96
118,5.93,0.87,6.96
119,5.93,0.87,6.96
120,5.93,0.87,6.96
121,5.93,0.88,7.04
122,5.93,0.88,7.04
123,5.93,0.88,7.04
124,5.93,0.88,7.04
125,5.93,0.88,7.04
126,5.93,0.87,6.96
127,5.93,0.87,6.96
128,5.93,0.88,7.04
129,5.93,0.87,6.96
130,5.93,0.87,6.96
131,5.93,0.87,6.96
132,5.93,0.87,6.96
133,5.93,0.87,6.96
134,5.93,0.87,6.96
135,5.93,0.87,6.96
136,5.93,0.87,6.96
137,5.93,0.87,6.96
138,5.93,0.87,6.96
139,5.93,0.87,6.96
140,5.93,0.87,6.96
141,5.93,0.87,6.96
142,5.93,0.87,6.96
143,5.93,0.87,6.96
144,5.93,0.87,6.96
145,5.93,0.86,6.88
146,5.93,0.87,6.96
147,5.93,0.87,6.96
148,5.93,0.87,6.96
149,5.93,0.87,6.96
150,5.93,0.87,6.96
151,5.93,0.88,7.04
152,5.93,0.88,7.04
153,5.93,0.87,6.96
154,5.93,0.87,6.96
155,5.93,0.87,6.96
156,5.93,0.87,6.96
157,5.93,0.87,6.96
158,5.93,0.87,6.96
159,5.93,0.87,6.96
160,5.93,0.87,6.96
161,5.93,0.87,6.96
162,5.93,0.87,6.96
163,5.93,0.87,6.96
164,5.93,0.87,6.96
165,5.93,0.88,7.04
166,5.93,0.87,6.96
167,5.93,0.88,7.04
168,5.93,0.87,6.96
169,5.93,0.87,6.96
170,5.93,0.88,7.04
171,5.93,0.88,7.04
172,5.93,0.88,7.04
173,5.93,0.88,7.04
174,5.93,0.87,6.96
175,5.93,0.87,6.96
176,5.93,0.88,7.04
177,5.93,0.87,6.96
178,5.93,0.87,6.96
179,5.93,0.87,6.96
180,5.93,0.87,6.96
181,5.93,0.88,7.04
182,5.93,0.88,7.04
183,5.93,0.88,7.04
184,5.93,0.88,7.04
185,5.93,0.88,7.04
186,5.93,0.88,7.04
187,5.93,0.88,7.04
188,5.93,0.88,7.04
189,5.93,0.88,7.04
190,5.93,0.88,7.04
191,5.93,0.87,6.96
192,5.93,0.87,6.96
193,5.93,0.88,7.04
194,5.93,0.87,6.96
195,5.93,0.87,6.96
196,5.93,0.87,6.96
197,5.93,0.87,6.96
198,5.93,0.87,6.96
199,5.93,0.87,6.96
200,5.93,0.87,6.96
201,5.93,0.87,6.96
202,5.93,0.87,6.96
203,5.93,0.88,7.04
204,5.93,0.87,6.96
205,5.93,0.87,6.96
206,5.93,0.87,6.96
207,5.93,0.88,7.04
208,5.93,0.88,7.04
209,5.93,0.88,7.04
210,5.93,0.88,7.04
211,5.93,0.89,7.12
212,5.93,0.89,7.12
213,5.93,0.88,7.04
214,5.93,0.88,7.04
215,5.93,0.88,7.04
216,5.93,0.88,7.04
217,5.93,0.88,7.04
218,5.93,0.88,7.04
219,5.93,0.88,7.04
220,5.93,0.88,7.04
221,5.93,0.88,7.04
222,5.93,0.88,7.04
223,5.93,0.87,6.96
224,5.93,0.87,6.96
225,5.93,0.87,6.96
226,5.93,0.87,6.96
227,5.93,0.87,6.96
228,5.93,0.87,6.96
229,5.93,0.86,6.88
230,5.93,0.86,6.88
231,5.93,0.86,6.88
232,5.93,0.86,6.88
233,5.93,0.87,6.96
234,5.93,0.87,6.96
235,5.93,0.87,6.96
236,5.93,0.86,6.88
237,5.93,0.86,6.88
238,5.93,0.86,6.88
239,5.93,0.86,6.88
240,5.93,0.86,6.88
241,5.93,0.88,7.04
242,5.93,0.87,6.96
243,5.93,0.87,6.96
244,5.93,0.87,6.96
245,5.93,0.87,6.96
246,5.93,0.87,6.96
247,5.93,0.87,6.96
248,5.93,0.87,6.96
249,5.93,0.86,6.88
250,5.93,0.86,6.88
251,5.93,0.86,6.88
252,5.93,0.86,6.88
253,5.93,0.86,6.88
254,5.93,0.86,6.88
255,5.93,0.87,6.96
256,5.93,0.86,6.88
257,5.93,0.86,6.88
258,5.93,0.86,6.88
259,5.93,0.86,6.88
260,5.93,0.86,6.88
261,5.93,0.86,6.88
262,5.93,0.86,6.88
263,5.93,0.86,6.88
264,5.93,0.87,6.96
265,5.93,0.87,6.96
266,5.93,0.87,6.96
267,5.93,0.87,6.96
268,5.93,0.87,6.96
269,5.93,0.87,6.96
270,5.93,0.87,6.96
271,5.93,0.88,7.04
272,5.93,0.87,6.96
273,5.93,0.87,6.96
274,5.93,0.87,6.96
275,5.93,0.87,6.96
276,5.93,0.87,6.96
277,5.93,0.87,6.96
278,5.93,0.87,6.96
279,5.93,0.87,6.96
280,5.93,0.87,6.96
281,5.93,0.86,6.88
282,5.93,0.86,6.88
283,5.93,0.86,6.88
284,5.93,0.86,6.88
285,5.93,0.87,6.96
286,5.93,0.87,6.96
287,5.93,0.87,6.96
288,5.93,0.86,6.88
289,5.93,0.86,6.88
290,5.93,0.87,6.96
291,5.93,0.86,6.88
292,5.93,0.86,6.88
293,5.93,0.86,6.88
294,5.93,0.86,6.88
295,5.93,0.86,6.88
296,5.93,0.86,6.88
297,5.93,0.86,6.88
298,5.93,0.86,6.88
299,5.93,0.86,6.88
300,5.93,0.86,6.88
301,5.93,0.88,7.04
302,5.93,0.87,6.96
303,5.93,0.87,6.96
304,5.93,0.87,6.96
305,5.93,0.87,6.96
306,5.93,0.87,6.96
307,5.93,0.86,6.88
308,5.93,0.87,6.96
309,5.93,0.87,6.96
310,5.93,0.87,6.96
311,5.93,0.87,6.96
312,5.93,0.87,6.96
313,5.93,0.86,6.88
314,5.93,0.87,6.96
315,5.93,0.87,6.96
316,5.93,0.87,6.96
317,5.93,0.87,6.96
318,5.93,0.87,6.96
319,5.93,0.87,6.96
320,5.93,0.87,6.96
321,5.93,0.87,6.96
322,5.93,0.87,6.96
323,5.93,0.86,6.88
324,5.93,0.86,6.88
325,5.93,0.86,6.88
326,5.93,0.87,6.96
327,5.93,0.87,6.96
328,5.93,0.87,6.96
329,5.93,0.87,6.96
330,5.93,0.86,6.88
331,5.93,0.88,7.04
332,5.93,0.88,7.04
333,5.93,0.87,6.96
334,5.93,0.87,6.96
335,5.93,0.87,6.96
336,5.93,0.87,6.96
337,5.93,0.87,6.96
338,5.93,0.87,6.96
339,5.93,0.87,6.96
340,5.93,0.87,6.96
341,5.93,0.86,6.88
342,5.93,0.86,6.88
343,5.93,0.86,6.88
344,5.93,0.86,6.88
345,5.93,0.86,6.88
346,5.93,0.86,6.88
347,5.93,0.86,6.88
348,5.93,0.86,6.88
349,5.93,0.87,6.96
350,5.93,0.87,6.96
351,5.93,0.86,6.88
352,5.93,0.86,6.88
353,5.93,0.86,6.88
354,5.93,0.86,6.88
355,5.93,0.86,6.88
356,5.93,0.86,6.88
357,5.93,0.86,6.88
358,5.93,0.86,6.88
359,5.93,0.86,6.88
360,5.93,0.86,6.88
361,5.93,0.87,6.96
362,5.93,0.86,6.88
363,5.93,0.86,6.88
364,5.93,0.86,6.88
365,5.93,0.86,6.88
366,5.93,0.86,6.88
367,5.93,0.86,6.88
368,5.93,0.86,6.88
369,5.93,0.85,6.8
370,5.93,0.85,6.8
371,5.93,0.85,6.8
372,5.93,0.85,6.8
373,5.93,0.85,6.8
374,5.93,0.85,6.8
375,5.93,0.85,6.8
376,5.93,0.85,6.8
377,5.93,0.85,6.8
378,5.93,0.85,6.8
379,5.93,0.85,6.8
380,5.93,0.85,6.8
381,5.93,0.85,6.8
382,5.93,0.84,6.72
383,5.93,0.84,6.72
384,5.93,0.84,6.72
385,5.93,0.84,6.72
386,5.93,0.85,6.8
387,5.93,0.85,6.8
388,5.93,0.85,6.8
389,5.93,0.85,6.8
390,5.93,0.85,6.8
391,5.93,0.86,6.88
392,5.93,0.86,6.88
393,5.93,0.85,6.8
394,5.93,0.85,6.8
395,5.93,0.85,6.8
396,5.93,0.85,6.8
397,5.93,0.85,6.8
398,5.93,0.85,6.8
399,5.93,0.85,6.8
400,5.93,0.85,6.8
401,5.93,0.84,6.72
402,5.93,0.84,6.72
403,5.93,0.84,6.72
404,5.93,0.84,6.72
405,5.93,0.85,6.8
406,5.93,0.85,6.8
407,5.93,0.85,6.8
408,5.93,0.84,6.72
409,5.93,0.84,6.72
410,5.93,0.84,6.72
411,5.93,0.84,6.72
412,5.93,0.84,6.72
413,5.93,0.83,6.64
414,5.93,0.83,6.64
415,5.93,0.83,6.64
416,5.93,0.83,6.64
417,5.93,0.83,6.64
418,5.93,0.83,6.64
419,5.93,0.83,6.64
420,5.93,0.83,6.64
421,5.93,0.85,6.8
422,5.93,0.85,6.8
423,5.93,0.84,6.72
424,5.93,0.84,6.72
425,5.93,0.84,6.72
426,5.93,0.84,6.72
427,5.93,0.83,6.64
428,5.93,0.83,6.64
429,5.93,0.83,6.64
430,5.93,0.83,6.64
431,5.93,0.83,6.64
432,5.93,0.83,6.64
433,5.93,0.83,6.64
434,5.93,0.83,6.64
435,5.93,0.83,6.64
436,5.93,0.83,6.64
437,5.93,0.83,6.64
438,5.93,0.84,6.72
439,5.93,0.84,6.72
440,5.93,0.84,6.72
441,5.93,0.83,6.64
442,5.93,0.84,6.72
443,5.93,0.84,6.72
444,5.93,0.83,6.64
445,5.93,0.84,6.72
446,5.93,0.84,6.72
447,5.93,0.84,6.72
448,5.93,0.84,6.72
449,5.93,0.84,6.72
450,5.93,0.84,6.72
451,5.93,0.84,6.72
452,5.93,0.84,6.72
453,5.93,0.84,6.72
454,5.93,0.84,6.72
455,5.93,0.84,6.72
456,5.93,0.84,6.72
457,5.93,0.83,6.64
458,5.93,0.83,6.64
459,5.93,0.83,6.64
460,5.93,0.83,6.64
461,5.93,0.83,6.64
462,5.93,0.83,6.64
463,5.93,0.82,6.56
464,5.93,0.82,6.56
465,5.93,0.82,6.56
466,5.93,0.82,6.56
467,5.93,0.82,6.56
468,5.93,0.82,6.56
469,5.93,0.82,6.56
470,5.93,0.82,6.56
471,5.93,0.82,6.56
472,5.93,0.82,6.56
473,5.93,0.82,6.56
474,5.93,0.82,6.56
475,5.93,0.82,6.56
476,5.93,0.82,6.56
477,5.93,0.82,6.56
478,5.93,0.82,6.56
479,5.93,0.83,6.64
480,5.93,0.83,6.64
481,5.93,0.84,6.72
482,5.93,0.84,6.72
483,5.93,0.83,6.64
484,5.93,0.83,6.64
485,5.93,0.82,6.56
486,5.93,0.82,6.56
487,5.93,0.82,6.56
488,5.93,0.82,6.56
489,5.93,0.82,6.56
490,5.93,0.82,6.56
491,5.93,0.82,6.56
492,5.93,0.82,6.56
493,5.93,0.82,6.56
494,5.93,0.81,6.48
495,5.93,0.82,6.56
496,5.93,0.82,6.56
497,5.93,0.82,6.56
498,5.93,0.82,6.56
499,5.93,0.81,6.48
500,5.93,0.81,6.48
501,5.93,0.81,6.48
502,5.93,0.81,6.48
503,5.93,0.81,6.48
504,5.93,0.81,6.48
505,5.93,0.81,6.48
506,5.93,0.81,6.48
507,5.93,0.81,6.48
508,5.93,0.81,6.48
509,5.93,0.81,6.48
510,5.93,0.81,6.48
511,5.93,0.82,6.56
512,5.93,0.81,6.48
513,5.93,0.81,6.48
514,5.93,0.81,6.48
515,5.93,0.81,6.48
516,5.93,0.81,6.48
517,5.93,0.81,6.48
518,5.93,0.81,6.48
519,5.93,0.8,6.4
520,5.93,0.81,6.48
521,5.93,0.81,6.48
522,5.93,0.8,6.4
523,5.93,0.8,6.4
524,5.93,0.8,6.4
525,5.93,0.8,6.4
526,5.93,0.8,6.4
527,5.93,0.8,6.4
528,5.93,0.8,6.4
529,5.93,0.79,6.32
530,5.93,0.79,6.32
531,5.93,0.79,6.32
532,5.93,0.79,6.32
533,5.93,0.8,6.4
534,5.93,0.8,6.4
535,5.93,0.8,6.4
536,5.93,0.79,6.32
537,5.93,0.79,6.32
538,5.93,0.78,6.24
539,5.93,0.78,6.24
540,5.93,0.78,6.24
541,5.93,0.79,6.32
542,5.93,0.78,6.24
543,5.93,0.78,6.24
544,5.93,0.78,6.24
545,5.93,0.78,6.24
546,5.93,0.77,6.16
547,5.93,0.77,6.16
548,5.93,0.77,6.16
549,5.93,0.76,6.08
550,5.93,0.77,6.16
551,5.93,0.77,6.16
552,5.93,0.76,6.08
553,5.93,0.76,6.08
554,5.93,0.76,6.08
555,5.93,0.75,6.0
556,5.93,0.76,6.08
557,5.93,0.76,6.08
558,5.93,0.75,6.0
559,5.93,0.76,6.08
560,5.93,0.76,6.08
561,5.93,0.75,6.0
562,5.93,0.75,6.0
563,5.93,0.74,5.92
564,5.93,0.74,5.92
565,5.93,0.73,5.84
566,5.93,0.74,5.92
567,5.93,0.73,5.84
568,5.93,0.73,5.84
569,5.93,0.73,5.84
570,5.93,0.73,5.84
571,5.93,0.73,5.84
572,5.93,0.73,5.84
573,5.93,0.72,5.76
574,5.93,0.73,5.84
575,5.93,0.72,5.76
576,5.93,0.72,5.76
577,5.93,0.72,5.76
578,5.93,0.72,5.76
579,5.93,0.72,5.76
580,5.93,0.72,5.76
581,5.93,0.72,5.76
582,5.93,0.71,5.68
583,5.93,0.71,5.68
584,5.93,0.71,5.68
585,5.93,0.71,5.68
586,5.93,0.71,5.68
587,5.93,0.71,5.68
588,5.93,0.71,5.68
589,5.93,0.71,5.68
590,5.93,0.71,5.68
591,5.93,0.71,5.68
592,5.93,0.72,5.76
593,5.93,0.71,5.68
594,5.93,0.72,5.76
595,5.93,0.71,5.68
596,5.93,0.72,5.76
597,5.93,0.71,5.68
598,5.93,0.72,5.76
599,5.93,0.72,5.76
600,5.93,0.72,5.76
601,5.93,0.72,5.76
602,5.93,0.72,5.76
603,5.93,0.72,5.76
604,5.93,0.72,5.76
605,5.93,0.72,5.76
606,5.93,0.72,5.76
607,5.93,0.72,5.76
608,5.93,0.72,5.76
609,5.93,0.73,5.84
610,5.93,0.73,5.84
611,5.93,0.73,5.84
612,5.93,0.73,5.84
613,5.93,0.73,5.84
614,5.93,0.73,5.84
615,5.93,0.73,5.84
616,5.93,0.73,5.84
617,5.93,0.73,5.84
618,5.93,0.73,5.84
619,5.93,0.74,5.92
620,5.93,0.74,5.92
621,5.93,0.74,5.92
622,5.93,0.74,5.92
623,5.93,0.75,6.0
624,5.93,0.74,5.92
625,5.93,0.75,6.0
626,5.93,0.75,6.0
627,5.93,0.75,6.0
628,5.93,0.76,6.08
629,5.93,0.75,6.0
630,5.93,0.76,6.08
631,5.93,0.77,6.16
632,5.93,0.76,6.08
633,5.93,0.77,6.16
634,5.93,0.76,6.08
635,5.93,0.77,6.16
636,5.93,0.77,6.16
637,5.93,0.77,6.16
638,5.93,0.78,6.24
639,5.93,0.77,6.16
640,5.93,0.78,6.24
641,5.93,0.78,6.24
642,5.93,0.78,6.24
643,5.93,0.79,6.32
644,5.93,0.78,6.24
645,5.93,0.79,6.32
646,5.93,0.79,6.32
647,5.93,0.79,6.32
648,5.93,0.79,6.32
649,5.93,0.79,6.32
650,5.93,0.8,6.4
651,5.93,0.79,6.32
652,5.93,0.8,6.4
653,5.93,0.79,6.32
654,5.93,0.8,6.4
655,5.93,0.8,6.4
656,5.93,0.8,6.4
657,5.93,0.8,6.4
658,5.93,0.8,6.4
659,5.93,0.8,6.4
660,5.93,0.8,6.4
661,5.93,0.81,6.48
662,5.93,0.81,6.48
663,5.93,0.81,6.48
664,5.93,0.81,6.48
665,5.93,0.81,6.48
666,5.93,0.81,6.48
667,5.93,0.81,6.48
668,5.93,0.81,6.48
669,5.93,0.8,6.4
670,5.93,0.81,6.48
671,5.93,0.8,6.4
672,5.93,0.81,6.48
673,5.93,0.81,6.48
674,5.93,0.81,6.48
675,5.93,0.81,6.48
676,5.93,0.81,6.48
677,5.93,0.82,6.56
678,5.93,0.81,6.48
679,5.93,0.82,6.56
680,5.93,0.82,6.56
681,5.93,0.82,6.56
682,5.93,0.82,6.56
683,5.93,0.81,6.48
684,5.93,0.82,6.56
685,5.93,0.82,6.56
686,5.93,0.82,6.56
687,5.93,0.83,6.64
688,5.93,0.82,6.56
689,5.93,0.83,6.64
690,5.93,0.83,6.64
691,5.93,0.84,6.72
692,5.93,0.84,6.72
693,5.93,0.84,6.72
694,5.93,0.84,6.72
695,5.93,0.84,6.72
696,5.93,0.84,6.72
697,5.93,0.84,6.72
698,5.93,0.83,6.64
699,5.93,0.84,6.72
700,5.93,0.83,6.64
701,5.93,0.83,6.64
702,5.93,0.83,6.64
703,5.93,0.83,6.64
704,5.93,0.83,6.64
705,5.93,0.83,6.64
706,5.93,0.83,6.64
707,5.93,0.83,6.64
708,5.93,0.82,6.56
709,5.93,0.83,6.64
710,5.93,0.82,6.56
711,5.93,0.82,6.56
712,5.93,0.82,6.56
713,5.93,0.82,6.56
714,5.93,0.82,6.56
715,5.93,0.82,6.56
716,5.93,0.81,6.48
717,5.93,0.82,6.56
718,5.93,0.81,6.48
719,5.93,0.81,6.48
720,5.93,0.81,6.48
721,5.93,0.82,6.56
722,5.93,0.82,6.56
723,5.93,0.81,6.48
724,5.93,0.81,6.48
725,5.93,0.81,6.48
726,5.93,0.8,6.4
727,5.93,0.81,6.48
728,5.93,0.8,6.4
729,5.93,0.8,6.4
730,5.93,0.81,6.48
731,5.93,0.8,6.4
732,5.93,0.81,6.48
733,5.93,0.81,6.48
734,5.93,0.81,6.48
735,5.93,0.82,6.56
736,5.93,0.82,6.56
737,5.93,0.82,6.56
738,5.93,0.81,6.48
739,5.93,0.81,6.48
740,5.93,0.81,6.48
741,5.93,0.81,6.48
742,5.93,0.82,6.56
743,5.93,0.82,6.56
744,5.93,0.82,6.56
745,5.93,0.82,6.56
746,5.93,0.82,6.56
747,5.93,0.82,6.56
748,5.93,0.81,6.48
749,5.93,0.81,6.48
750,5.93,0.81,6.48
751,5.93,0.82,6.56
752,5.93,0.82,6.56
753,5.93,0.82,6.56
754,5.93,0.82,6.56
755,5.93,0.82,6.56
756,5.93,0.82,6.56
757,5.93,0.82,6.56
758,5.93,0.82,6.56
759,5.93,0.82,6.56
760,5.93,0.82,6.56
761,5.93,0.82,6.56
762,5.93,0.81,6.48
763,5.93,0.81,6.48
764,5.93,0.81,6.48
765,5.93,0.81,6.48
766,5.93,0.81,6.48
767,5.93,0.81,6.48
768,5.93,0.81,6.48
769,5.93,0.81,6.48
770,5.93,0.81,6.48
771,5.93,0.81,6.48
772,5.93,0.81,6.48
773,5.93,0.81,6.48
774,5.93,0.8,6.4
775,5.93,0.8,6.4
776,5.93,0.8,6.4
777,5.93,0.8,6.4
778,5.93,0.8,6.4
779,5.93,0.8,6.4
780,5.93,0.8,6.4
781,5.93,0.81,6.48
782,5.93,0.81,6.48
783,5.93,0.8,6.4
784,5.93,0.8,6.4
785,5.93,0.8,6.4
786,5.93,0.79,6.32
787,5.93,0.79,6.32
788,5.93,0.79,6.32
789,5.93,0.79,6.32
790,5.93,0.79,6.32
791,5.93,0.79,6.32
792,5.93,0.79,6.32
793,5.93,0.78,6.24
794,5.93,0.78,6.24
795,5.93,0.78,6.24
796,5.93,0.78,6.24
797,5.93,0.78,6.24
798,5.93,0.78,6.24
799,5.93,0.78,6.24
800,5.93,0.78,6.24
801,5.93,0.78,6.24
802,5.93,0.78,6.24
803,5.93,0.78,6.24
804,5.93,0.78,6.24
805,5.93,0.78,6.24
806,5.93,0.78,6.24
807,5.93,0.78,6.24
808,5.93,0.78,6.24
809,5.93,0.79,6.32
810,5.93,0.79,6.32
811,5.93,0.8,6.4
812,5.93,0.8,6.4
813,5.93,0.8,6.4
814,5.93,0.8,6.4
815,5.93,0.8,6.4
816,5.93,0.8,6.4
817,5.93,0.8,6.4
818,5.93,0.8,6.4
819,5.93,0.8,6.4
820,5.93,0.79,6.32
821,5.93,0.79,6.32
822,5.93,0.79,6.32
823,5.93,0.79,6.32
824,5.93,0.79,6.32
825,5.93,0.79,6.32
826,5.93,0.79,6.32
827,5.93,0.79,6.32
828,5.93,0.79,6.32
829,5.93,0.79,6.32
830,5.93,0.79,6.32
831,5.93,0.79,6.32
832,5.93,0.79,6.32
833,5.93,0.79,6.32
834,5.93,0.79,6.32
835,5.93,0.79,6.32
836,5.93,0.79,6.32
837,5.93,0.79,6.32
838,5.93,0.79,6.32
839,5.93,0.79,6.32
840,5.93,0.8,6.4
841,5.93,0.81,6.48
842,5.93,0.8,6.4
843,5.93,0.8,6.4
844,5.93,0.8,6.4
845,5.93,0.8,6.4
846,5.93,0.8,6.4
847,5.93,0.8,6.4
848,5.93,0.8,6.4
849,5.93,0.78,6.24
850,5.93,0.78,6.24
851,5.93,0.78,6.24
852,5.93,0.78,6.24
853,5.93,0.79,6.32
854,5.93,0.79,6.32
855,5.93,0.78,6.24
856,5.93,0.78,6.24
857,5.93,0.78,6.24
858,5.93,0.78,6.24
859,5.93,0.78,6.24
860,5.93,0.78,6.24
861,5.93,0.78,6.24
862,5.93,0.78,6.24
863,5.93,0.78,6.24
864,5.93,0.78,6.24
865,5.93,0.78,6.24
866,5.93,0.78,6.24
867,5.93,0.78,6.24
868,5.93,0.78,6.24
869,5.93,0.78,6.24
870,5.93,0.78,6.24
871,5.93,0.78,6.24
872,5.93,0.78,6.24
873,5.93,0.78,6.24
874,5.93,0.78,6.24
875,5.93,0.78,6.24
876,5.93,0.77,6.16
877,5.93,0.77,6.16
878,5.93,0.77,6.16
879,5.93,0.77,6.16
880,5.93,0.77,6.16
881,5.93,0.77,6.16
882,5.93,0.77,6.16
883,5.93,0.77,6.16
884,5.93,0.76,6.08
885,5.93,0.76,6.08
886,5.93,0.76,6.08
887,5.93,0.76,6.08
888,5.93,0.76,6.08
889,5.93,0.76,6.08
890,5.93,0.76,6.08
891,5.93,0.76,6.08
892,5.93,0.75,6.0
893,5.93,0.75,6.0
894,5.93,0.75,6.0
895,5.93,0.75,6.0
896,5.93,0.75,6.0
897,5.93,0.75,6.0
898,5.93,0.75,6.0
899,5.93,0.75,6.0
900,5.93,0.75,6.0
901,5.93,0.75,6.0
902,5.93,0.76,6.08
903,5.93,0.76,6.08
904,5.93,0.75,6.0
905,5.93,0.75,6.0
906,5.93,0.75,6.0
907,5.93,0.75,6.0
908,5.93,0.75,6.0
909,5.93,0.75,6.0
910,5.93,0.75,6.0
911,5.93,0.75,6.0
912,5.93,0.75,6.0
913,5.93,0.74,5.92
914,5.93,0.75,6.0
915,5.93,0.74,5.92
916,5.93,0.74,5.92
917,5.93,0.74,5.92
918,5.93,0.74,5.92
919,5.93,0.74,5.92
920,5.93,0.74,5.92
921,5.93,0.74,5.92
922,5.93,0.73,5.84
923,5.93,0.73,5.84
924,5.93,0.73,5.84
925,5.93,0.73,5.84
926,5.93,0.73,5.84
927,5.93,0.73,5.84
928,5.93,0.72,5.76
929,5.93,0.73,5.84
930,5.93,0.72,5.76
931,5.93,0.74,5.92
932,5.93,0.73,5.84
933,5.93,0.73,5.84
934,5.93,0.72,5.76
935,5.93,0.73,5.84
936,5.93,0.72,5.76
937,5.93,0.71,5.68
938,5.93,0.72,5.76
939,5.93,0.71,5.68
940,5.93,0.71,5.68
941,5.93,0.71,5.68
942,5.93,0.71,5.68
943,5.93,0.71,5.68
944,5.93,0.71,5.68
945,5.93,0.71,5.68
946,5.93,0.71,5.68
947,5.93,0.71,5.68
948,5.93,0.71,5.68
949,5.93,0.71,5.68
950,5.93,0.71,5.68
951,5.93,0.71,5.68
952,5.93,0.71,5.68
953,5.93,0.7,5.6
954,5.93,0.71,5.68
955,5.93,0.71,5.68
956,5.93,0.7,5.6
957,5.93,0.7,5.6
958,5.93,0.7,5.6
959,5.93,0.7,5.6
960,5.93,0.69,5.52
961,5.93,0.7,5.6
962,5.93,0.7,5.6
963,5.93,0.7,5.6
964,5.93,0.7,5.6
965,5.93,0.7,5.6
966,5.93,0.69,5.52
967,5.93,0.69,5.52
968,5.93,0.69,5.52
969,5.93,0.69,5.52
970,5.93,0.69,5.52
971,5.93,0.69,5.52
972,5.93,0.69,5.52
973,5.93,0.68,5.44
974,5.93,0.68,5.44
975,5.93,0.68,5.44
976,5.93,0.67,5.36
977,5.93,0.67,5.36
978,5.93,0.67,5.36
979,5.93,0.67,5.36
980,5.93,0.67,5.36
981,5.93,0.67,5.36
982,5.93,0.67,5.36
983,5.93,0.67,5.36
984,5.93,0.67,5.36
985,5.93,0.67,5.36
986,5.93,0.67,5.36
987,5.93,0.67,5.36
988,5.93,0.67,5.36
989,5.93,0.67,5.36
990,5.93,0.67,5.36
991,5.93,0.66,5.28
992,5.93,0.67,5.36
993,5.93,0.66,5.28
994,5.93,0.67,5.36
995,5.93,0.66,5.28
996,5.93,0.67,5.36
997,5.93,0.67,5.36
998,5.93,0.66,5.28
999,5.93,0.67,5.36
1000,5.93,0.66,5.28
1001,5.93,0.66,5.28
1002,5.93,0.67,5.36
1003,5.93,0.66,5.28
1004,5.93,0.66,5.28
1005,5.93,0.67,5.36
1006,5.93,0.66,5.28
1007,5.93,0.66,5.28
1008,5.93,0.66,5.28
1009,5.93,0.66,5.28
1010,5.93,0.67,5.36
1011,5.93,0.66,5.28
1012,5.93,0.66,5.28
1013,5.93,0.67,5.36
1014,5.93,0.67,5.36
1015,5.93,0.67,5.36
1016,5.93,0.67,5.36
1017,5.93,0.67,5.36
1018,5.93,0.67,5.36
1019,5.93,0.67,5.36
1020,5.93,0.67,5.36
1021,5.93,0.68,5.44
1022,5.93,0.68,5.44
1023,5.93,0.68,5.44
1024,5.93,0.67,5.36
1025,5.93,0.67,5.36
1026,5.93,0.67,5.36
1027,5.93,0.67,5.36
1028,5.93,0.67,5.36
1029,5.93,0.66,5.28
1030,5.93,0.67,5.36
1031,5.93,0.66,5.28
1032,5.93,0.66,5.28
1033,5.93,0.65,5.2
1034,5.93,0.65,5.2
1035,5.93,0.65,5.2
1036,5.93,0.64,5.12
1037,5.93,0.64,5.12
1038,5.93,0.64,5.12
1039,5.93,0.64,5.12
1040,5.93,0.64,5.12
1041,5.93,0.63,5.04
1042,5.93,0.63,5.04
1043,5.93,0.63,5.04
1044,5.93,0.63,5.04
1045,5.93,0.63,5.04
1046,5.93,0.63,5.04
1047,5.93,0.62,4.96
1048,5.93,0.62,4.96
1049,5.93,0.61,4.88
1050,5.93,0.62,4.96
1051,5.93,0.62,4.96
1052,5.93,0.62,4.96
1053,5.93,0.61,4.88
1054,5.93,0.61,4.88
1055,5.93,0.61,4.88
1056,5.93,0.61,4.88
1057,5.93,0.61,4.88
1058,5.93,0.61,4.88
1059,5.93,0.6,4.8
1060,5.93,0.6,4.8
1061,5.93,0.6,4.8
1062,5.93,0.6,4.8
1063,5.93,0.6,4.8
1064,5.93,0.6,4.8
1065,5.93,0.6,4.8
1066,5.93,0.6,4.8
1067,5.93,0.59,4.72
1068,5.93,0.59,4.72
1069,5.93,0.59,4.72
1070,5.93,0.59,4.72
1071,5.93,0.59,4.72
1072,5.93,0.59,4.72
1073,5.93,0.6,4.8
1074,5.93,0.6,4.8
1075,5.93,0.6,4.8
1076,5.93,0.6,4.8
1077,5.93,0.6,4.8
1078,5.93,0.6,4.8
1079,5.93,0.6,4.8
1080,5.93,0.6,4.8
1081,5.93,0.6,4.8
1082,5.93,0.6,4.8
1083,5.93,0.6,4.8
1084,5.93,0.6,4.8
1085,5.93,0.6,4.8
1086,5.93,0.6,4.8
1087,5.93,0.61,4.88
1088,5.93,0.61,4.88
1089,5.93,0.61,4.88
1090,5.93,0.61,4.88
1091,5.93,0.61,4.88
1092,5.93,0.61,4.88
1093,5.93,0.62,4.96
1094,5.93,0.63,5.04
1095,5.93,0.63,5.04
1096,5.93,0.64,5.12
1097,5.93,0.64,5.12
1098,5.93,0.64,5.12
1099,5.93,0.64,5.12
1100,5.93,0.64,5.12
1101,5.93,0.65,5.2
1102,5.93,0.65,5.2
1103,5.93,0.65,5.2
1104,5.93,0.66,5.28
1105,5.93,0.66,5.28
1106,5.93,0.66,5.28
1107,5.93,0.66,5.28
1108,5.93,0.66,5.28
1109,5.93,0.66,5.28
1110,5.93,0.66,5.28
1111,5.93,0.66,5.28
1112,5.93,0.66,5.28
1113,5.93,0.67,5.36
1114,5.93,0.66,5.28
1115,5.93,0.67,5.36
1116,5.93,0.66,5.28
1117,5.93,0.67,5.36
1118,5.93,0.67,5.36
1119,5.93,0.66,5.28
1120,5.93,0.66,5.28
1121,5.93,0.66,5.28
1122,5.93,0.66,5.28
1123,5.93,0.66,5.28
1124,5.93,0.66,5.28
1125,5.93,0.66,5.28
1126,5.93,0.66,5.28
1127,5.93,0.66,5.28
1128,5.93,0.66,5.28
1129,5.93,0.66,5.28
1130,5.93,0.66,5.28
1131,5.93,0.66,5.28
1132,5.93,0.66,5.28
1133,5.93,0.66,5.28
1134,5.93,0.66,5.28
1135,5.93,0.66,5.28
1136,5.93,0.66,5.28
1137,5.93,0.66,5.28
1138,5.93,0.66,5.28
1139,5.93,0.66,5.28
1140,5.93,0.66,5.28
1141,5.93,0.66,5.28
1142,5.93,0.66,5.28
1143,5.93,0.66,5.28
1144,5.93,0.66,5.28
1145,5.93,0.66,5.28
1146,5.93,0.66,5.28
1147,5.93,0.66,5.28
1148,5.93,0.65,5.2
1149,5.93,0.65,5.2
1150,5.93,0.65,5.2
1151,5.93,0.65,5.2
1152,5.93,0.65,5.2
1153,5.93,0.65,5.2
1154,5.93,0.65,5.2
1155,5.93,0.65,5.2
1156,5.93,0.65,5.2
1157,5.93,0.65,5.2
1158,5.93,0.65,5.2
1159,5.93,0.65,5.2
1160,5.93,0.65,5.2
1161,5.93,0.65,5.2
1162,5.93,0.65,5.2
1163,5.93,0.65,5.2
1164,5.93,0.65,5.2
1165,5.93,0.64,5.12
1166,5.93,0.65,5.2
1167,5.93,0.65,5.2
1168,5.93,0.64,5.12
1169,5.93,0.64,5.12
1170,5.93,0.64,5.12
1171,5.93,0.65,5.2
1172,5.93,0.64,5.12
1173,5.93,0.64,5.12
1174,5.93,0.64,5.12
1175,5.93,0.64,5.12
1176,5.93,0.64,5.12
1177,5.93,0.64,5.12
1178,5.93,0.64,5.12
1179,5.93,0.64,5.12
1180,5.93,0.64,5.12
1181,5.93,0.64,5.12
1182,5.93,0.64,5.12
1183,5.93,0.64,5.12
1184,5.93,0.64,5.12
1185,5.93,0.63,5.04
1186,5.93,0.64,5.12
1187,5.93,0.64,5.12
1188,5.93,0.63,5.04
1189,5.93,0.63,5.04
1190,5.93,0.63,5.04
1191,5.93,0.63,5.04
1192,5.93,0.63,5.04
1193,5.93,0.63,5.04
1194,5.93,0.63,5.04
1195,5.93,0.63,5.04
1196,5.93,0.63,5.04
1197,5.93,0.63,5.04
1198,5.93,0.63,5.04
1199,5.93,0.63,5.04
1200,5.93,0.63,5.04
1201,5.93,0.64,5.12
1202,5.93,0.63,5.04
1203,5.93,0.64,5.12
1204,5.93,0.64,5.12
1205,5.93,0.64,5.12
1206,5.93,0.64,5.12
1207,5.93,0.64,5.12
1208,5.93,0.64,5.12
1209,5.93,0.64,5.12
1210,5.93,0.64,5.12
1211,5.93,0.64,5.12
1212,5.93,0.64,5.12
1213,5.93,0.64,5.12
1214,5.93,0.64,5.12
1215,5.93,0.64,5.12
1216,5.93,0.64,5.12
1217,5.93,0.65,5.2
1218,5.93,0.65,5.2
1219,5.93,0.64,5.12
1220,5.93,0.64,5.12
1221,5.93,0.64,5.12
1222,5.93,0.64,5.12
1223,5.93,0.65,5.2
1224,5.93,0.64,5.12
1225,5.93,0.64,5.12
1226,5.93,0.65,5.2
1227,5.93,0.64,5.12
1228,5.93,0.65,5.2
1229,5.93,0.64,5.12
1230,5.93,0.64,5.12
1231,5.93,0.65,5.2
1232,5.93,0.64,5.12
1233,5.93,0.64,5.12
1234,5.93,0.64,5.12
1235,5.93,0.64,5.12
1236,5.93,0.65,5.2
1237,5.93,0.64,5.12
1238,5.93,0.64,5.12
1239,5.93,0.64,5.12
1240,5.93,0.64,5.12
1241,5.93,0.64,5.12
1242,5.93,0.64,5.12
1243,5.93,0.64,5.12
1244,5.93,0.64,5.12
1245,5.93,0.64,5.12
1246,5.93,0.64,5.12
1247,5.93,0.64,5.12
1248,5.93,0.64,5.12
1249,5.93,0.64,5.12
1250,5.93,0.64,5.12
1251,5.93,0.64,5.12
1252,5.93,0.64,5.12
1253,5.93,0.64,5.12
1254,5.93,0.64,5.12
1255,5.93,0.64,5.12
1256,5.93,0.64,5.12
1257,5.93,0.64,5.12
1258,5.93,0.65,5.2
1259,5.93,0.65,5.2
1260,5.93,0.65,5.2
1261,5.93,0.66,5.28
1262,5.93,0.66,5.28
1263,5.93,0.65,5.2
1264,5.93,0.65,5.2
1265,5.93,0.65,5.2
1266,5.93,0.65,5.2
1267,5.93,0.65,5.2
1268,5.93,0.65,5.2
1269,5.93,0.65,5.2
1270,5.93,0.65,5.2
1271,5.93,0.65,5.2
1272,5.93,0.65,5.2
1273,5.93,0.65,5.2
1274,5.93,0.65,5.2
1275,5.93,0.65,5.2
1276,5.93,0.64,5.12
1277,5.93,0.64,5.12
1278,5.93,0.64,5.12
1279,5.93,0.64,5.12
1280,5.93,0.64,5.12
1281,5.93,0.64,5.12
1282,5.93,0.64,5.12
1283,5.93,0.64,5.12
1284,5.93,0.64,5.12
1285,5.93,0.64,5.12
1286,5.93,0.64,5.12
1287,5.93,0.64,5.12
1288,5.93,0.64,5.12
1289,5.93,0.64,5.12
1290,5.93,0.64,5.12
1291,5.93,0.64,5.12
1292,5.93,0.64,5.12
1293,5.93,0.64,5.12
1294,5.93,0.64,5.12
1295,5.93,0.64,5.12
1296,5.93,0.64,5.12
1297,5.93,0.64,5.12
1298,5.93,0.64,5.12
1299,5.93,0.63,5.04
1300,5.93,0.63,5.04
1301,5.93,0.64,5.12
1302,5.93,0.63,5.04
1303,5.93,0.63,5.04
1304,5.93,0.63,5.04
1305,5.93,0.63,5.04
1306,5.93,0.63,5.04
1307,5.93,0.63,5.04
1308,5.93,0.63,5.04
1309,5.93,0.64,5.12
1310,5.93,0.64,5.12
1311,5.93,0.64,5.12
1312,5.93,0.64,5.12
1313,5.93,0.64,5.12
1314,5.93,0.64,5.12
1315,5.93,0.64,5.12
1316,5.93,0.64,5.12
1317,5.93,0.64,5.12
1318,5.93,0.65,5.2
1319,5.93,0.65,5.2
1320,5.93,0.65,5.2
1321,5.93,0.66,5.28
1322,5.93,0.66,5.28
1323,5.93,0.66,5.28
1324,5.93,0.66,5.28
1325,5.93,0.66,5.28
1326,5.93,0.66,5.28
1327,5.93,0.66,5.28
1328,5.93,0.66,5.28
1329,5.93,0.66,5.28
1330,5.93,0.66,5.28
1331,5.93,0.65,5.2
1332,5.93,0.65,5.2
1333,5.93,0.65,5.2
1334,5.93,0.65,5.2
1335,5.93,0.65,5.2
1336,5.93,0.65,5.2
1337,5.93,0.66,5.28
1338,5.93,0.66,5.28
1339,5.93,0.66,5.28
1340,5.93,0.65,5.2
1341,5.93,0.65,5.2
1342,5.93,0.65,5.2
1343,5.93,0.65,5.2
1344,5.93,0.65,5.2
1345,5.93,0.65,5.2
1346,5.93,0.65,5.2
1347,5.93,0.65,5.2
1348,5.93,0.66,5.28
1349,5.93,0.66,5.28
1350,5.93,0.66,5.28
1351,5.93,0.66,5.28
1352,5.93,0.66,5.28
1353,5.93,0.66,5.28
1354,5.93,0.66,5.28
1355,5.93,0.66,5.28
1356,5.93,0.66,5.28
1357,5.93,0.66,5.28
1358,5.93,0.66,5.28
1359,5.93,0.66,5.28
1360,5.93,0.66,5.28
1361,5.93,0.66,5.28
1362,5.93,0.66,5.28
1363,5.93,0.66,5.28
1364,5.93,0.66,5.28
1365,5.93,0.66,5.28
1366,5.93,0.66,5.28
1367,5.93,0.66,5.28
1368,5.93,0.65,5.2
1369,5.93,0.65,5.2
1370,5.93,0.65,5.2
1371,5.93,0.65,5.2
1372,5.93,0.65,5.2
1373,5.93,0.65,5.2
1374,5.93,0.65,5.2
1375,5.93,0.65,5.2
1376,5.93,0.65,5.2
1377,5.93,0.65,5.2
1378,5.93,0.65,5.2
1379,5.93,0.65,5.2
1380,5.93,0.65,5.2
1381,5.93,0.65,5.2
1382,5.93,0.65,5.2
1383,5.93,0.65,5.2
1384,5.93,0.65,5.2
1385,5.93,0.65,5.2
1386,5.93,0.65,5.2
1387,5.93,0.65,5.2
1388,5.93,0.65,5.2
1389,5.93,0.65,5.2
1390,5.93,0.64,5.12
1391,5.93,0.65,5.2
1392,5.93,0.65,5.2
1393,5.93,0.65,5.2
1394,5.93,0.65,5.2
1395,5.93,0.65,5.2
1396,5.93,0.64,5.12
1397,5.93,0.64,5.12
1398,5.93,0.64,5.12
1399,5.93,0.64,5.12
1400,5.93,0.63,5.04
1401,5.93,0.63,5.04
1402,5.93,0.63,5.04
1403,5.93,0.63,5.04
1404,5.93,0.63,5.04
1405,5.93,0.63,5.04
1406,5.93,0.63,5.04
1407,5.93,0.63,5.04
1408,5.93,0.63,5.04
1409,5.93,0.63,5.04
1410,5.93,0.63,5.04
1411,5.93,0.64,5.12
1412,5.93,0.63,5.04
1413,5.93,0.63,5.04
1414,5.93,0.63,5.04
1415,5.93,0.63,5.04
1416,5.93,0.63,5.04
1417,5.93,0.63,5.04
1418,5.93,0.63,5.04
1419,5.93,0.63,5.04
1420,5.93,0.63,5.04
1421,5.93,0.63,5.04
1422,5.93,0.64,5.12
1423,5.93,0.64,5.12
1424,5.93,0.64,5.12
1425,5.93,0.64,5.12
1426,5.93,0.64,5.12
1427,5.93,0.64,5.12
1428,5.93,0.64,5.12
1429,5.93,0.64,5.12
1430,5.93,0.64,5.12
1431,5.93,0.64,5.12
1432,5.93,0.64,5.12
1433,5.93,0.64,5.12
1434,5.93,0.64,5.12
1435,5.93,0.64,5.12
1436,5.93,0.64,5.12
1437,5.93,0.64,5.12
1438,5.93,0.64,5.12
1439,5.93,0.64,5.12
1440,5.93,0.64,5.12
1441,5.93,0.65,5.2
1442,5.93,0.65,5.2
1443,5.93,0.64,5.12
1444,5.93,0.64,5.12
1445,5.93,0.64,5.12
1446,5.93,0.64,5.12
1447,5.93,0.64,5.12
1448,5.93,0.64,5.12
1449,5.93,0.64,5.12
1450,5.93,0.64,5.12
1451,5.93,0.64,5.12
1452,5.93,0.64,5.12
1453,5.93,0.64,5.12
1454,5.93,0.64,5.12
1455,5.93,0.64,5.12
1456,5.93,0.64,5.12
1457,5.93,0.64,5.12
1458,5.93,0.64,5.12
1459,5.93,0.64,5.12
1460,5.93,0.64,5.12
1461,5.93,0.64,5.12
1462,5.93,0.64,5.12
1463,5.93,0.64,5.12
1464,5.93,0.64,5.12
1465,5.93,0.64,5.12
1466,5.93,0.64,5.12
1467,5.93,0.64,5.12
1468,5.93,0.64,5.12
1469,5.93,0.64,5.12
1470,5.93,0.64,5.12
1471,5.93,0.65,5.2
1472,5.93,0.65,5.2
1473,5.93,0.64,5.12
1474,5.93,0.64,5.12
1475,5.93,0.64,5.12
1476,5.93,0.64,5.12
1477,5.93,0.64,5.12
1478,5.93,0.65,5.2
1479,5.93,0.64,5.12
1480,5.93,0.64,5.12
1481,5.93,0.64,5.12
1482,5.93,0.64,5.12
1483,5.93,0.64,5.12
1484,5.93,0.64,5.12
1485,5.93,0.64,5.12
1486,5.93,0.64,5.12
1487,5.93,0.64,5.12
1488,5.93,0.64,5.12
1489,5.93,0.64,5.12
1490,5.93,0.64,5.12
1491,5.93,0.64,5.12
1492,5.93,0.64,5.12
1493,5.93,0.64,5.12
1494,5.93,0.64,5.12
1495,5.93,0.64,5.12
1496,5.93,0.64,5.12
1497,5.93,0.64,5.12
1498,5.93,0.64,5.12
1499,5.93,0.64,5.12
1500,5.93,0.64,5.12
1501,5.93,0.65,5.2
1502,5.93,0.65,5.2
1503,5.93,0.65,5.2
1504,5.93,0.65,5.2
1505,5.93,0.65,5.2
1506,5.93,0.65,5.2
1507,5.93,0.65,5.2
1508,5.93,0.65,5.2
1509,5.93,0.65,5.2
1510,5.93,0.65,5.2
1511,5.93,0.65,5.2
1512,5.93,0.65,5.2
1513,5.93,0.65,5.2
1514,5.93,0.65,5.2
1515,5.93,0.65,5.2
1516,5.93,0.65,5.2
1517,5.93,0.65,5.2
1518,5.93,0.65,5.2
1519,5.93,0.65,5.2
1520,5.93,0.65,5.2
1521,5.93,0.65,5.2
1522,5.93,0.65,5.2
1523,5.93,0.65,5.2
1524,5.93,0.65,5.2
1525,5.93,0.65,5.2
1526,5.93,0.65,5.2
1527,5.93,0.65,5.2
1528,5.93,0.65,5.2
1529,5.93,0.65,5.2
1530,5.93,0.65,5.2
1531,5.93,0.65,5.2
1532,5.93,0.65,5.2
1533,5.93,0.65,5.2
1534,5.93,0.65,5.2
1535,5.93,0.65,5.2
1536,5.93,0.65,5.2
1537,5.93,0.65,5.2
1538,5.93,0.65,5.2
1539,5.93,0.65,5.2
1540,5.93,0.65,5.2
1541,5.93,0.65,5.2
1542,5.93,0.65,5.2
1543,5.93,0.65,5.2
1544,5.93,0.65,5.2
1545,5.93,0.65,5.2
1546,5.93,0.65,5.2
1547,5.93,0.65,5.2
1548,5.93,0.65,5.2
1549,5.93,0.65,5.2
1550,5.93,0.65,5.2
1551,5.93,0.65,5.2
1552,5.93,0.65,5.2
1553,5.93,0.65,5.2
1554,5.93,0.65,5.2
1555,5.93,0.65,5.2
1556,5.93,0.65,5.2
1557,5.93,0.65,5.2
1558,5.93,0.65,5.2
1559,5.93,0.65,5.2
1560,5.93,0.65,5.2
1561,5.93,0.65,5.2
1562,5.93,0.65,5.2
1563,5.93,0.65,5.2
1564,5.93,0.65,5.2
1565,5.93,0.65,5.2
1566,5.93,0.65,5.2
1567,5.93,0.65,5.2
1568,5.93,0.65,5.2
1569,5.93,0.65,5.2
1570,5.93,0.65,5.2
1571,5.93,0.65,5.2
1572,5.93,0.65,5.2
1573,5.93,0.65,5.2
1574,5.93,0.65,5.2
1575,5.93,0.65,5.2
1576,5.93,0.65,5.2
1577,5.93,0.65,5.2
1578,5.93,0.65,5.2
1579,5.93,0.65,5.2
1580,5.93,0.65,5.2
1581,5.93,0.65,5.2
1582,5.93,0.65,5.2
1583,5.93,0.65,5.2
1584,5.93,0.65,5.2
1585,5.93,0.65,5.2
1586,5.93,0.65,5.2
1587,5.93,0.65,5.2
1588,5.93,0.65,5.2
1589,5.93,0.65,5.2
1590,5.93,0.65,5.2
1591,5.93,0.65,5.2
1592,5.93,0.65,5.2
1593,5.93,0.65,5.2
1594,5.93,0.65,5.2
1595,5.93,0.65,5.2
1596,5.93,0.65,5.2
1597,5.93,0.65,5.2
1598,5.93,0.65,5.2
1599,5.93,0.65,5.2
1600,5.93,0.65,5.2
1601,5.93,0.65,5.2
1602,5.93,0.65,5.2
1603,5.93,0.65,5.2
1604,5.93,0.65,5.2
1605,5.93,0.65,5.2
1606,5.93,0.65,5.2
1607,5.93,0.65,5.2
1608,5.93,0.65,5.2
1609,5.93,0.65,5.2
1610,5.93,0.65,5.2
1611,5.93,0.65,5.2
1612,5.93,0.65,5.2
1613,5.93,0.65,5.2
1614,5.93,0.65,5.2
1615,5.93,0.65,5.2
1616,5.93,0.65,5.2
1617,5.93,0.65,5.2
1618,5.93,0.65,5.2
1619,5.93,0.65,5.2
1620,5.93,0.65,5.2
1621,5.93,0.65,5.2
1622,5.93,0.65,5.2
1623,5.93,0.65,5.2
1624,5.93,0.65,5.2
1625,5.93,0.65,5.2
1626,5.93,0.65,5.2
1627,5.93,0.65,5.2
1628,5.93,0.65,5.2
1629,5.93,0.65,5.2
1630,5.93,0.65,5.2
1631,5.93,0.65,5.2
1632,5.93,0.65,5.2
1633,5.93,0.65,5.2
1634,5.93,0.65,5.2
1635,5.93,0.65,5.2
1636,5.93,0.65,5.2
1637,5.93,0.65,5.2
1638,5.93,0.65,5.2
1639,5.93,0.65,5.2
1640,5.93,0.65,5.2
1641,5.93,0.65,5.2
1642,5.93,0.65,5.2
1643,5.93,0.65,5.2
1644,5.93,0.65,5.2
1645,5.93,0.65,5.2
1646,5.93,0.65,5.2
1647,5.93,0.65,5.2
1648,5.93,0.66,5.28
1649,5.93,0.66,5.28
1650,5.93,0.66,5.28
1651,5.93,0.66,5.28
1652,5.93,0.66,5.28
1653,5.93,0.66,5.28
1654,5.93,0.66,5.28
1655,5.93,0.66,5.28
1656,5.93,0.65,5.2
1657,5.93,0.66,5.28
1658,5.93,0.66,5.28
1659,5.93,0.66,5.28
1660,5.93,0.66,5.28
1661,5.93,0.66,5.28
1662,5.93,0.66,5.28
1663,5.93,0.66,5.28
1664,5.93,0.66,5.28
1665,5.93,0.66,5.28
1666,5.93,0.66,5.28
1667,5.93,0.66,5.28
1668,5.93,0.66,5.28
1669,5.93,0.66,5.28
1670,5.93,0.66,5.28
1671,5.93,0.66,5.28
1672,5.93,0.65,5.2
1673,5.93,0.66,5.28
1674,5.93,0.66,5.28
1675,5.93,0.66,5.28
1676,5.93,0.66,5.28
1677,5.93,0.66,5.28
1678,5.93,0.66,5.28
1679,5.93,0.66,5.28
1680,5.93,0.66,5.28
1681,5.93,0.66,5.28
1682,5.93,0.66,5.28
1683,5.93,0.66,5.28
1684,5.93,0.66,5.28
1685,5.93,0.66,5.28
1686,5.93,0.66,5.28
1687,5.93,0.66,5.28
1688,5.93,0.66,5.28
1689,5.93,0.66,5.28
1690,5.93,0.66,5.28
1691,5.93,0.65,5.2
1692,5.93,0.65,5.2
1693,5.93,0.65,5.2
1694,5.93,0.65,5.2
1695,5.93,0.65,5.2
1696,5.93,0.65,5.2
1697,5.93,0.65,5.2
1698,5.93,0.65,5.2
1699,5.93,0.65,5.2
1700,5.93,0.65,5.2
1701,5.93,0.65,5.2
1702,5.93,0.65,5.2
1703,5.93,0.66,5.28
1704,5.93,0.65,5.2
1705,5.93,0.66,5.28
1706,5.93,0.65,5.2
1707,5.93,0.65,5.2
1708,5.93,0.65,5.2
1709,5.93,0.65,5.2
1710,5.93,0.65,5.2
1711,5.93,0.65,5.2
1712,5.93,0.65,5.2
1713,5.93,0.65,5.2
1714,5.93,0.65,5.2
1715,5.93,0.65,5.2
1716,5.93,0.65,5.2
1717,5.93,0.65,5.2
1718,5.93,0.65,5.2
1719,5.93,0.65,5.2
1720,5.93,0.65,5.2
1721,5.93,0.65,5.2
1722,5.93,0.65,5.2
1723,5.93,0.65,5.2
1724,5.93,0.65,5.2
1725,5.93,0.65,5.2
1726,5.93,0.65,5.2
1727,5.93,0.65,5.2
1728,5.93,0.65,5.2
1729,5.93,0.65,5.2
1730,5.93,0.65,5.2
1731,5.93,0.65,5.2
1732,5.93,0.65,5.2
1733,5.93,0.66,5.28
1734,5.93,0.66,5.28
1735,5.93,0.66,5.28
1736,5.93,0.66,5.28
1737,5.93,0.65,5.2
1738,5.93,0.66,5.28
1739,5.93,0.66,5.28
1740,5.93,0.66,5.28
1741,5.93,0.65,5.2
1742,5.93,0.65,5.2
1743,5.93,0.65,5.2
1744,5.93,0.65,5.2
1745,5.93,0.65,5.2
1746,5.93,0.65,5.2
1747,5.93,0.65,5.2
1748,5.93,0.65,5.2
1749,5.93,0.65,5.2
1750,5.93,0.65,5.2
1751,5.93,0.65,5.2
1752,5.93,0.65,5.2
1753,5.93,0.65,5.2
1754,5.93,0.65,5.2
1755,5.93,0.65,5.2
1756,5.93,0.65,5.2
1757,5.93,0.65,5.2
1758,5.93,0.65,5.2
1759,5.93,0.65,5.2
1760,5.93,0.65,5.2
1761,5.93,0.65,5.2
1762,5.93,0.65,5.2
1763,5.93,0.65,5.2
1764,5.93,0.65,5.2
1765,5.93,0.65,5.2
1766,5.93,0.66,5.28
1767,5.93,0.65,5.2
1768,5.93,0.65,5.2
1769,5.93,0.65,5.2
1770,5.93,0.65,5.2
1771,5.93,0.65,5.2
1772,5.93,0.65,5.2
1773,5.93,0.65,5.2
1774,5.93,0.65,5.2
1775,5.93,0.65,5.2
1776,5.93,0.65,5.2
1777,5.93,0.65,5.2
1778,5.93,0.66,5.28
1779,5.93,0.66,5.28
1780,5.93,0.66,5.28
1781,5.93,0.66,5.28
1782,5.93,0.66,5.28
1783,5.93,0.65,5.2
1784,5.93,0.65,5.2
1785,5.93,0.65,5.2
1786,5.93,0.65,5.2
1787,5.93,0.65,5.2
1788,5.93,0.65,5.2
1789,5.93,0.66,5.28
1790,5.93,0.66,5.28
1791,5.93,0.66,5.28
1792,5.93,0.66,5.28
1793,5.93,0.66,5.28
1794,5.93,0.65,5.2
1795,5.93,0.66,5.28
1796,5.93,0.66,5.28
1797,5.93,0.66,5.28
1798,5.93,0.66,5.28
1799,5.93,0.66,5.28
1800,5.93,0.65,5.2
1801,5.93,0.65,5.2
1802,5.93,0.65,5.2
1803,5.93,0.65,5.2
1804,5.93,0.65,5.2
1805,5.93,0.65,5.2
1806,5.93,0.65,5.2
1807,5.93,0.65,5.2
1808,5.93,0.65,5.2
1809,5.93,0.65,5.2
1810,5.93,0.65,5.2
1811,5.93,0.65,5.2
1812,5.93,0.65,5.2
1813,5.93,0.65,5.2
1814,5.93,0.65,5.2
1815,5.93,0.65,5.2
1816,5.93,0.65,5.2
1817,5.93,0.65,5.2
1818,5.93,0.65,5.2
1819,5.93,0.65,5.2
1820,5.93,0.65,5.2
1821,5.93,0.65,5.2
1822,5.93,0.65,5.2
1823,5.93,0.66,5.28
1824,5.93,0.66,5.28
1825,5.93,0.66,5.28
1826,5.93,0.66,5.28
1827,5.93,0.65,5.2
1828,5.93,0.65,5.2
1829,5.93,0.65,5.2
1830,5.93,0.65,5.2
1831,5.93,0.65,5.2
1832,5.93,0.65,5.2
1833,5.93,0.65,5.2
1834,5.93,0.65,5.2
1835,5.93,0.65,5.2
1836,5.93,0.65,5.2
1837,5.93,0.65,5.2
1838,5.93,0.66,5.28
1839,5.93,0.66,5.28
1840,5.93,0.66,5.28
1841,5.93,0.66,5.28
1842,5.93,0.65,5.2
1843,5.93,0.66,5.28
1844,5.93,0.66,5.28
1845,5.93,0.66,5.28
1846,5.93,0.66,5.28
1847,5.93,0.66,5.28
1848,5.93,0.66,5.28
1849,5.93,0.66,5.28
1850,5.93,0.66,5.28
1851,5.93,0.66,5.28
1852,5.93,0.66,5.28
1853,5.93,0.66,5.28
1854,5.93,0.66,5.28
1855,5.93,0.66,5.28
1856,5.93,0.66,5.28
1857,5.93,0.66,5.28
1858,5.93,0.66,5.28
1859,5.93,0.66,5.28
1860,5.93,0.66,5.28
1861,5.93,0.66,5.28
1862,5.93,0.66,5.28
1863,5.93,0.66,5.28
1864,5.93,0.66,5.28
1865,5.93,0.66,5.28
1866,5.93,0.66,5.28
1867,5.93,0.66,5.28
1868,5.93,0.66,5.28
1869,5.93,0.66,5.28
1870,5.93,0.66,5.28
1871,5.93,0.66,5.28
1872,5.93,0.66,5.28
1873,5.93,0.66,5.28
1874,5.93,0.66,5.28
1875,5.93,0.65,5.2
1876,5.93,0.65,5.2
1877,5.93,0.65,5.2
1878,5.93,0.65,5.2
1879,5.93,0.65,5.2
1880,5.93,0.65,5.2
1881,5.93,0.65,5.2
1882,5.93,0.65,5.2
1883,5.93,0.65,5.2
1884,5.93,0.65,5.2
1885,5.93,0.65,5.2
1886,5.93,0.66,5.28
1887,5.93,0.66,5.28
1888,5.93,0.66,5.28
1889,5.93,0.66,5.28
1890,5.93,0.66,5.28
1891,5.93,0.65,5.2
1892,5.93,0.66,5.28
1893,5.93,0.66,5.28
1894,5.93,0.66,5.28
1895,5.93,0.66,5.28
1896,5.93,0.66,5.28
1897,5.93,0.66,5.28
1898,5.93,0.66,5.28
1899,5.93,0.66,5.28
1900,5.93,0.66,5.28
1901,5.93,0.66,5.28
1902,5.93,0.66,5.28
1903,5.93,0.66,5.28
1904,5.93,0.66,5.28
1905,5.93,0.66,5.28
1906,5.93,0.66,5.28
1907,5.93,0.66,5.28
1908,5.93,0.66,5.28
1909,5.93,0.66,5.28
1910,5.93,0.66,5.28
1911,5.93,0.66,5.28
1912,5.93,0.66,5.28
1913,5.93,0.66,5.28
1914,5.93,0.66,5.28
1915,5.93,0.66,5.28
1916,5.93,0.66,5.28
1917,5.93,0.66,5.28
1918,5.93,0.66,5.28
1919,5.93,0.65,5.2
1920,5.93,0.65,5.2
1921,5.93,0.64,5.12
1922,5.93,0.64,5.12
1923,5.93,0.63,5.04
1924,5.93,0.63,5.04
1925,5.93,0.63,5.04
1926,5.93,0.63,5.04
1927,5.93,0.63,5.04
1928,5.93,0.63,5.04
1929,5.93,0.63,5.04
1930,5.93,0.63,5.04
1931,5.93,0.63,5.04
1932,5.93,0.63,5.04
1933,5.93,0.63,5.04
1934,5.93,0.63,5.04
1935,5.93,0.63,5.04
1936,5.93,0.63,5.04
1937,5.93,0.63,5.04
1938,5.93,0.63,5.04
1939,5.93,0.63,5.04
1940,5.93,0.63,5.04
1941,5.93,0.63,5.04
1942,5.93,0.63,5.04
1943,5.93,0.63,5.04
1944,5.93,0.63,5.04
1945,5.93,0.63,5.04
1946,5.93,0.63,5.04
1947,5.93,0.63,5.04
1948,5.93,0.63,5.04
1949,5.93,0.64,5.12
1950,5.93,0.64,5.12
1951,5.93,0.64,5.12
1952,5.93,0.64,5.12
1953,5.93,0.64,5.12
1954,5.93,0.64,5.12
1955,5.93,0.64,5.12
1956,5.93,0.64,5.12
1957,5.93,0.64,5.12
1958,5.93,0.64,5.12
1959,5.93,0.64,5.12
1960,5.93,0.64,5.12
1961,5.93,0.64,5.12
1962,5.93,0.64,5.12
1963,5.93,0.64,5.12
1964,5.93,0.64,5.12
1965,5.93,0.64,5.12
1966,5.93,0.64,5.12
1967,5.93,0.64,5.12
1968,5.93,0.64,5.12
1969,5.93,0.64,5.12
1970,5.93,0.63,5.04
1971,5.93,0.63,5.04
1972,5.93,0.63,5.04
1973,5.93,0.63,5.04
1974,5.93,0.62,4.96
1975,5.93,0.62,4.96
1976,5.93,0.62,4.96
1977,5.93,0.62,4.96
1978,5.93,0.62,4.96
1979,5.93,0.62,4.96
1980,5.93,0.62,4.96
1981,5.93,0.62,4.96
1982,5.93,0.62,4.96
1983,5.93,0.61,4.88
1984,5.93,0.61,4.88
1985,5.93,0.61,4.88
1986,5.93,0.61,4.88
1987,5.93,0.61,4.88
1988,5.93,0.61,4.88
1989,5.93,0.61,4.88
1990,5.93,0.61,4.88
1991,5.93,0.61,4.88
1992,5.93,0.61,4.88
1993,5.93,0.62,4.96
1994,5.93,0.62,4.96
1995,5.93,0.62,4.96
1996,5.93,0.62,4.96
1997,5.93,0.62,4.96
1998,5.93,0.62,4.96
1999,5.93,0.62,4.96
2000,5.93,0.62,4.96
2001,5.93,0.62,4.96
2002,5.93,0.62,4.96
2003,5.93,0.62,4.96
2004,5.93,0.62,4.96
2005,5.93,0.62,4.96
2006,5.93,0.62,4.96
2007,5.93,0.62,4.96
2008,5.93,0.62,4.96
2009,5.93,0.62,4.96
2010,5.93,0.62,4.96
2011,5.93,0.63,5.04
2012,5.93,0.63,5.04
2013,5.93,0.62,4.96
2014,5.93,0.62,4.96
2015,5.93,0.62,4.96
2016,5.93,0.63,5.04
2017,5.93,0.63,5.04
2018,5.93,0.63,5.04
2019,5.93,0.63,5.04
2020,5.93,0.63,5.04
2021,5.93,0.63,5.04
2022,5.93,0.63,5.04
2023,5.93,0.63,5.04
2024,5.93,0.63,5.04
2025,5.93,0.63,5.04
2026,5.93,0.63,5.04
2027,5.93,0.63,5.04
2028,5.93,0.63,5.04
2029,5.93,0.63,5.04
2030,5.93,0.63,5.04
2031,5.93,0.63,5.04
2032,5.93,0.63,5.04
2033,5.93,0.64,5.12
2034,5.93,0.64,5.12
2035,5.93,0.64,5.12
2036,5.93,0.64,5.12
2037,5.93,0.64,5.12
2038,5.93,0.64,5.12
2039,5.93,0.64,5.12
2040,5.93,0.64,5.12
2041,5.93,0.64,5.12
2042,5.93,0.64,5.12
2043,5.93,0.64,5.12
2044,5.93,0.64,5.12
2045,5.93,0.64,5.12
2046,5.93,0.64,5.12
2047,5.93,0.64,5.12
2048,5.93,0.64,5.12
2049,5.93,0.64,5.12
2050,5.93,0.64,5.12
2051,5.93,0.63,5.04
2052,5.93,0.63,5.04
2053,5.93,0.63,5.04
2054,5.93,0.63,5.04
2055,5.93,0.63,5.04
2056,5.93,0.63,5.04
2057,5.93,0.63,5.04
2058,5.93,0.63,5.04
2059,5.93,0.63,5.04
2060,5.93,0.63,5.04
2061,5.93,0.63,5.04
2062,5.93,0.63,5.04
2063,5.93,0.63,5.04
2064,5.93,0.63,5.04
2065,5.93,0.63,5.04
2066,5.93,0.63,5.04
2067,5.93,0.63,5.04
2068,5.93,0.63,5.04
2069,5.93,0.63,5.04
2070,5.93,0.63,5.04
2071,5.93,0.63,5.04
2072,5.93,0.63,5.04
2073,5.93,0.63,5.04
2074,5.93,0.62,4.96
2075,5.93,0.62,4.96
2076,5.93,0.62,4.96
2077,5.93,0.62,4.96
2078,5.93,0.62,4.96
2079,5.93,0.62,4.96
2080,5.93,0.62,4.96
2081,5.93,0.62,4.96
2082,5.93,0.62,4.96
2083,5.93,0.62,4.96
2084,5.93,0.62,4.96
2085,5.93,0.62,4.96
2086,5.93,0.62,4.96
2087,5.93,0.62,4.96
2088,5.93,0.62,4.96
2089,5.93,0.62,4.96
2090,5.93,0.62,4.96
2091,5.93,0.62,4.96
2092,5.93,0.62,4.96
2093,5.93,0.62,4.96
2094,5.93,0.62,4.96
2095,5.93,0.62,4.96
2096,5.93,0.62,4.96
2097,5.93,0.62,4.96
2098,5.93,0.62,4.96
2099,5.93,0.62,4.96
2100,5.93,0.62,4.96
2101,5.93,0.62,4.96
2102,5.93,0.62,4.96
2103,5.93,0.62,4.96
2104,5.93,0.62,4.96
2105,5.93,0.62,4.96
2106,5.93,0.62,4.96
2107,5.93,0.62,4.96
2108,5.93,0.62,4.96
2109,5.93,0.61,4.88
2110,5.93,0.61,4.88
2111,5.93,0.61,4.88
2112,5.93,0.6,4.8
2113,5.93,0.6,4.8
2114,5.93,0.6,4.8
2115,5.93,0.6,4.8
2116,5.93,0.6,4.8
2117,5.93,0.6,4.8
2118,5.93,0.6,4.8
2119,5.93,0.59,4.72
2120,5.93,0.59,4.72
2121,5.93,0.59,4.72
2122,5.93,0.59,4.72
2123,5.93,0.59,4.72
2124,5.93,0.59,4.72
2125,5.93,0.59,4.72
2126,5.93,0.59,4.72
2127,5.93,0.58,4.64
2128,5.93,0.58,4.64
2129,5.93,0.58,4.64
2130,5.93,0.58,4.64
2131,5.93,0.57,4.56
2132,5.93,0.57,4.56
2133,5.93,0.57,4.56
2134,5.93,0.57,4.56
2135,5.93,0.57,4.56
2136,5.93,0.56,4.48
2137,5.93,0.56,4.48
2138,5.93,0.56,4.48
2139,5.93,0.56,4.48
2140,5.93,0.56,4.48
2141,5.93,0.56,4.48
2142,5.93,0.56,4.48
2143,5.93,0.56,4.48
2144,5.93,0.56,4.48
2145,5.93,0.56,4.48
2146,5.93,0.56,4.48
2147,5.93,0.56,4.48
2148,5.93,0.56,4.48
2149,5.93,0.56,4.48
2150,5.93,0.56,4.48
2151,5.93,0.56,4.48
2152,5.93,0.56,4.48
2153,5.93,0.56,4.48
2154,5.93,0.56,4.48
2155,5.93,0.56,4.48
2156,5.93,0.56,4.48
2157,5.93,0.57,4.56
2158,5.93,0.57,4.56
2159,5.93,0.57,4.56
2160,5.93,0.57,4.56
2161,5.93,0.57,4.56
2162,5.93,0.57,4.56
2163,5.93,0.57,4.56
2164,5.93,0.57,4.56
2165,5.93,0.57,4.56
2166,5.93,0.57,4.56
2167,5.93,0.57,4.56
2168,5.93,0.57,4.56
2169,5.93,0.57,4.56
2170,5.93,0.57,4.56
2171,5.93,0.57,4.56
2172,5.93,0.57,4.56
2173,5.93,0.57,4.56
2174,5.93,0.57,4.56
2175,5.93,0.57,4.56
2176,5.93,0.57,4.56
2177,5.93,0.57,4.56
2178,5.93,0.57,4.56
2179,5.93,0.57,4.56
2180,5.93,0.57,4.56
2181,5.93,0.57,4.56
2182,5.93,0.57,4.56
2183,5.93,0.57,4.56
2184,5.93,0.57,4.56
2185,5.93,0.57,4.56
2186,5.93,0.57,4.56
2187,5.93,0.57,4.56
2188,5.93,0.57,4.56
2189,5.93,0.57,4.56
2190,5.93,0.57,4.56
2191,5.93,0.57,4.56
2192,5.93,0.57,4.56
2193,5.93,0.57,4.56
2194,5.93,0.57,4.56
2195,5.93,0.57,4.56
2196,5.93,0.57,4.56
2197,5.93,0.57,4.56
2198,5.93,0.57,4.56
2199,5.93,0.56,4.48
2200,5.93,0.56,4.48
2201,5.93,0.56,4.48
2202,5.93,0.56,4.48
2203,5.93,0.56,4.48
2204,5.93,0.56,4.48
2205,5.93,0.56,4.48
2206,5.93,0.56,4.48
2207,5.93,0.56,4.48
2208,5.93,0.56,4.48
2209,5.93,0.56,4.48
2210,5.93,0.56,4.48
2211,5.93,0.56,4.48
2212,5.93,0.56,4.48
2213,5.93,0.56,4.48
2214,5.93,0.56,4.48
2215,5.93,0.56,4.48
2216,5.93,0.56,4.48
2217,5.93,0.56,4.48
2218,5.93,0.56,4.48
2219,5.93,0.56,4.48
2220,5.93,0.55,4.4
2221,5.93,0.55,4.4
2222,5.93,0.55,4.4
2223,5.93,0.55,4.4
2224,5.93,0.55,4.4
2225,5.93,0.55,4.4
2226,5.93,0.56,4.48
2227,5.93,0.56,4.48
2228,5.93,0.56,4.48
2229,5.93,0.55,4.4
2230,5.93,0.55,4.4
2231,5.93,0.55,4.4
2232,5.93,0.55,4.4
2233,5.93,0.56,4.48
2234,5.93,0.56,4.48
2235,5.93,0.56,4.48
2236,5.93,0.56,4.48
2237,5.93,0.56,4.48
2238,5.93,0.56,4.48
2239,5.93,0.56,4.48
2240,5.93,0.55,4.4
2241,5.93,0.55,4.4
2242,5.93,0.55,4.4
2243,5.93,0.56,4.48
2244,5.93,0.55,4.4
2245,5.93,0.55,4.4
2246,5.93,0.55,4.4
2247,5.93,0.55,4.4
2248,5.93,0.55,4.4
2249,5.93,0.55,4.4
2250,5.93,0.55,4.4
2251,5.93,0.56,4.48
2252,5.93,0.56,4.48
2253,5.93,0.56,4.48
2254,5.93,0.55,4.4
2255,5.93,0.55,4.4
2256,5.93,0.55,4.4
2257,5.93,0.55,4.4
2258,5.93,0.55,4.4
2259,5.93,0.55,4.4
2260,5.93,0.55,4.4
2261,5.93,0.55,4.4
2262,5.93,0.54,4.32
2263,5.93,0.54,4.32
2264,5.93,0.54,4.32
2265,5.93,0.54,4.32
2266,5.93,0.54,4.32
2267,5.93,0.54,4.32
2268,5.93,0.53,4.24
2269,5.93,0.53,4.24
2270,5.93,0.53,4.24
2271,5.93,0.52,4.16
2272,5.93,0.52,4.16
2273,5.93,0.52,4.16
2274,5.93,0.52,4.16
2275,5.93,0.52,4.16
2276,5.93,0.52,4.16
2277,5.93,0.51,4.08
2278,5.93,0.51,4.08
2279,5.93,0.51,4.08
2280,5.93,0.51,4.08
2281,5.93,0.51,4.08
2282,5.93,0.5,4.0
2283,5.93,0.5,4.0
2284,5.93,0.5,4.0
2285,5.93,0.5,4.0
2286,5.93,0.5,4.0
2287,5.93,0.5,4.0
2288,5.93,0.5,4.0
2289,5.93,0.5,4.0
2290,5.93,0.5,4.0
2291,5.93,0.5,4.0
2292,5.93,0.5,4.0
2293,5.93,0.5,4.0
2294,5.93,0.5,4.0
2295,5.93,0.5,4.0
2296,5.93,0.49,3.92
2297,5.93,0.49,3.92
2298,5.93,0.49,3.92
2299,5.93,0.49,3.92
2300,5.93,0.49,3.92
2301,5.93,0.49,3.92
2302,5.93,0.49,3.92
2303,5.93,0.49,3.92
2304,5.93,0.49,3.92
2305,5.93,0.49,3.92
2306,5.93,0.49,3.92
2307,5.93,0.49,3.92
2308,5.93,0.49,3.92
2309,5.93,0.49,3.92
2310,5.93,0.49,3.92
2311,5.93,0.49,3.92
2312,5.93,0.49,3.92
2313,5.93,0.49,3.92
2314,5.93,0.49,3.92
2315,5.93,0.49,3.92
2316,5.93,0.49,3.92
2317,5.93,0.49,3.92
2318,5.93,0.49,3.92
2319,5.93,0.49,3.92
2320,5.93,0.48,3.84
2321,5.93,0.48,3.84
2322,5.93,0.48,3.84
2323,5.93,0.48,3.84
2324,5.93,0.48,3.84
2325,5.93,0.48,3.84
2326,5.93,0.47,3.76
2327,5.93,0.47,3.76
2328,5.93,0.47,3.76
2329,5.93,0.47,3.76
2330,5.93,0.47,3.76
2331,5.93,0.47,3.76
2332,5.93,0.47,3.76
2333,5.93,0.47,3.76
2334,5.93,0.47,3.76
2335,5.93,0.47,3.76
2336,5.93,0.47,3.76
2337,5.93,0.47,3.76
2338,5.93,0.48,3.84
2339,5.93,0.48,3.84
2340,5.93,0.48,3.84
2341,5.93,0.48,3.84
2342,5.93,0.47,3.76
2343,5.93,0.47,3.76
2344,5.93,0.47,3.76
2345,5.93,0.48,3.84
2346,5.93,0.47,3.76
2347,5.93,0.47,3.76
2348,5.93,0.48,3.84
2349,5.93,0.48,3.84
2350,5.93,0.48,3.84
2351,5.93,0.48,3.84
2352,5.93,0.48,3.84
2353,5.93,0.48,3.84
2354,5.93,0.48,3.84
2355,5.93,0.48,3.84
2356,5.93,0.48,3.84
2357,5.93,0.48,3.84
2358,5.93,0.48,3.84
2359,5.93,0.48,3.84
2360,5.93,0.48,3.84
2361,5.93,0.48,3.84
2362,5.93,0.48,3.84
2363,5.93,0.48,3.84
2364,5.93,0.48,3.84
2365,5.93,0.48,3.84
2366,5.93,0.48,3.84
2367,5.93,0.48,3.84
2368,5.93,0.48,3.84
2369,5.93,0.48,3.84
2370,5.93,0.48,3.84
2371,5.93,0.48,3.84
2372,5.93,0.48,3.84
2373,5.93,0.48,3.84
2374,5.93,0.48,3.84
2375,5.93,0.48,3.84
2376,5.93,0.48,3.84
2377,5.93,0.48,3.84
2378,5.93,0.49,3.92
2379,5.93,0.49,3.92
2380,5.93,0.48,3.84
2381,5.93,0.48,3.84
2382,5.93,0.49,3.92
2383,5.93,0.48,3.84
2384,5.93,0.49,3.92
2385,5.93,0.48,3.84
2386,5.93,0.49,3.92
2387,5.93,0.49,3.92
2388,5.93,0.49,3.92
2389,5.93,0.49,3.92
2390,5.93,0.49,3.92
2391,5.93,0.49,3.92
2392,5.93,0.49,3.92
2393,5.93,0.49,3.92
2394,5.93,0.49,3.92
2395,5.93,0.49,3.92
2396,5.93,0.49,3.92
2397,5.93,0.49,3.92
2398,5.93,0.49,3.92
2399,5.93,0.49,3.92
2400,5.93,0.49,3.92
2401,5.93,0.49,3.92
2402,5.93,0.49,3.92
2403,5.93,0.49,3.92
2404,5.93,0.49,3.92
2405,5.93,0.49,3.92
2406,5.93,0.49,3.92
2407,5.93,0.49,3.92
2408,5.93,0.49,3.92
2409,5.93,0.49,3.92
2410,5.93,0.49,3.92
2411,5.93,0.49,3.92
2412,5.93,0.49,3.92
2413,5.93,0.49,3.92
2414,5.93,0.49,3.92
2415,5.93,0.49,3.92
2416,5.93,0.49,3.92
2417,5.93,0.49,3.92
2418,5.93,0.49,3.92
2419,5.93,0.49,3.92
2420,5.93,0.49,3.92
2421,5.93,0.49,3.92
2422,5.93,0.49,3.92
2423,5.93,0.49,3.92
2424,5.93,0.49,3.92
2425,5.93,0.49,3.92
2426,5.93,0.49,3.92
2427,5.93,0.49,3.92
2428,5.93,0.49,3.92
2429,5.93,0.49,3.92
2430,5.93,0.49,3.92
2431,5.93,0.49,3.92
2432,5.93,0.49,3.92
2433,5.93,0.49,3.92
2434,5.93,0.49,3.92
2435,5.93,0.49,3.92
2436,5.93,0.49,3.92
2437,5.93,0.49,3.92
2438,5.93,0.49,3.92
2439,5.93,0.49,3.92
2440,5.93,0.49,3.92
2441,5.93,0.49,3.92
2442,5.93,0.49,3.92
2443,5.93,0.49,3.92
2444,5.93,0.49,3.92
2445,5.93,0.49,3.92
2446,5.93,0.49,3.92
2447,5.93,0.49,3.92
2448,5.93,0.49,3.92
2449,5.93,0.49,3.92
2450,5.93,0.49,3.92
2451,5.93,0.49,3.92
2452,5.93,0.49,3.92
2453,5.93,0.49,3.92
2454,5.93,0.49,3.92
2455,5.93,0.49,3.92
2456,5.93,0.49,3.92
2457,5.93,0.49,3.92
2458,5.93,0.49,3.92
2459,5.93,0.49,3.92
2460,5.93,0.49,3.92
2461,5.93,0.5,4.0
2462,5.93,0.5,4.0
2463,5.93,0.5,4.0
2464,5.93,0.5,4.0
2465,5.93,0.5,4.0
2466,5.93,0.5,4.0
2467,5.93,0.5,4.0
2468,5.93,0.51,4.08
2469,5.93,0.51,4.08
2470,5.93,0.51,4.08
2471,5.93,0.51,4.08
2472,5.93,0.51,4.08
2473,5.93,0.51,4.08
2474,5.93,0.51,4.08
2475,5.93,0.52,4.16
2476,5.93,0.52,4.16
2477,5.93,0.52,4.16
2478,5.93,0.52,4.16
2479,5.93,0.52,4.16
2480,5.93,0.52,4.16
2481,5.93,0.52,4.16
2482,5.93,0.52,4.16
2483,5.93,0.52,4.16
2484,5.93,0.52,4.16
2485,5.93,0.53,4.24
2486,5.93,0.53,4.24
2487,5.93,0.53,4.24
2488,5.93,0.53,4.24
2489,5.93,0.53,4.24
2490,5.93,0.53,4.24
2491,5.93,0.53,4.24
2492,5.93,0.53,4.24
2493,5.93,0.53,4.24
2494,5.93,0.53,4.24
2495,5.93,0.53,4.24
2496,5.93,0.53,4.24
2497,5.93,0.53,4.24
2498,5.93,0.53,4.24
2499,5.93,0.53,4.24
2500,5.93,0.53,4.24
2501,5.93,0.53,4.24
2502,5.93,0.53,4.24
2503,5.93,0.53,4.24
2504,5.93,0.52,4.16
2505,5.93,0.52,4.16
2506,5.93,0.52,4.16
2507,5.93,0.52,4.16
2508,5.93,0.51,4.08
2509,5.93,0.51,4.08
2510,5.93,0.51,4.08
2511,5.93,0.51,4.08
2512,5.93,0.52,4.16
2513,5.93,0.52,4.16
2514,5.93,0.52,4.16
2515,5.93,0.52,4.16
2516,5.93,0.51,4.08
2517,5.93,0.52,4.16
2518,5.93,0.52,4.16
2519,5.93,0.52,4.16
2520,5.93,0.52,4.16
2521,5.93,0.52,4.16
2522,5.93,0.52,4.16
2523,5.93,0.52,4.16
2524,5.93,0.52,4.16
2525,5.93,0.52,4.16
2526,5.93,0.52,4.16
2527,5.93,0.52,4.16
2528,5.93,0.52,4.16
2529,5.93,0.52,4.16
2530,5.93,0.52,4.16
2531,5.93,0.52,4.16
2532,5.93,0.52,4.16
2533,5.93,0.52,4.16
2534,5.93,0.52,4.16
2535,5.93,0.52,4.16
2536,5.93,0.52,4.16
2537,5.93,0.52,4.16
2538,5.93,0.51,4.08
2539,5.93,0.52,4.16
2540,5.93,0.52,4.16
2541,5.93,0.52,4.16
2542,5.93,0.52,4.16
2543,5.93,0.52,4.16
2544,5.93,0.52,4.16
2545,5.93,0.52,4.16
2546,5.93,0.52,4.16
2547,5.93,0.52,4.16
2548,5.93,0.52,4.16
2549,5.93,0.52,4.16
2550,5.93,0.52,4.16
2551,5.93,0.52,4.16
2552,5.93,0.52,4.16
2553,5.93,0.52,4.16
2554,5.93,0.52,4.16
2555,5.93,0.52,4.16
2556,5.93,0.52,4.16
2557,5.93,0.52,4.16
2558,5.93,0.52,4.16
2559,5.93,0.52,4.16
2560,5.93,0.52,4.16
2561,5.93,0.52,4.16
2562,5.93,0.52,4.16
2563,5.93,0.52,4.16
2564,5.93,0.52,4.16
2565,5.93,0.52,4.16
2566,5.93,0.52,4.16
2567,5.93,0.52,4.16
2568,5.93,0.52,4.16
2569,5.93,0.52,4.16
2570,5.93,0.52,4.16
2571,5.93,0.52,4.16
2572,5.93,0.52,4.16
2573,5.93,0.52,4.16
2574,5.93,0.52,4.16
2575,5.93,0.52,4.16
2576,5.93,0.52,4.16
2577,5.93,0.52,4.16
2578,5.93,0.52,4.16
2579,5.93,0.52,4.16
2580,5.93,0.52,4.16
2581,5.93,0.52,4.16
2582,5.93,0.52,4.16
2583,5.93,0.52,4.16
2584,5.93,0.52,4.16
2585,5.93,0.52,4.16
2586,5.93,0.52,4.16
2587,5.93,0.52,4.16
2588,5.93,0.52,4.16
2589,5.93,0.52,4.16
2590,5.93,0.52,4.16
2591,5.93,0.53,4.24
2592,5.93,0.53,4.24
2593,5.93,0.53,4.24
2594,5.93,0.53,4.24
2595,5.93,0.53,4.24
2596,5.93,0.53,4.24
2597,5.93,0.53,4.24
2598,5.93,0.53,4.24
2599,5.93,0.54,4.32
2600,5.93,0.54,4.32
2601,5.93,0.54,4.32
2602,5.93,0.54,4.32
2603,5.93,0.54,4.32
2604,5.93,0.54,4.32
2605,5.93,0.54,4.32
2606,5.93,0.54,4.32
2607,5.93,0.54,4.32
2608,5.93,0.54,4.32
2609,5.93,0.54,4.32
2610,5.93,0.54,4.32
2611,5.93,0.54,4.32
2612,5.93,0.54,4.32
2613,5.93,0.54,4.32
2614,5.93,0.54,4.32
2615,5.93,0.54,4.32
2616,5.93,0.54,4.32
2617,5.93,0.54,4.32
2618,5.93,0.54,4.32
2619,5.93,0.54,4.32
2620,5.93,0.54,4.32
2621,5.93,0.54,4.32
2622,5.93,0.54,4.32
2623,5.93,0.54,4.32
2624,5.93,0.54,4.32
2625,5.93,0.54,4.32
2626,5.93,0.54,4.32
2627,5.93,0.54,4.32
2628,5.93,0.54,4.32
2629,5.93,0.54,4.32
2630,5.93,0.54,4.32
2631,5.93,0.54,4.32
2632,5.93,0.54,4.32
2633,5.93,0.54,4.32
2634,5.93,0.54,4.32
2635,5.93,0.54,4.32
2636,5.93,0.54,4.32
2637,5.93,0.54,4.32
2638,5.93,0.54,4.32
2639,5.93,0.54,4.32
2640,5.93,0.54,4.32
2641,5.93,0.54,4.32
2642,5.93,0.54,4.32
2643,5.93,0.54,4.32
2644,5.93,0.53,4.24
2645,5.93,0.53,4.24
2646,5.93,0.53,4.24
2647,5.93,0.53,4.24
2648,5.93,0.53,4.24
2649,5.93,0.52,4.16
2650,5.93,0.52,4.16
2651,5.93,0.52,4.16
2652,5.93,0.52,4.16
2653,5.93,0.52,4.16
2654,5.93,0.52,4.16
2655,5.93,0.52,4.16
2656,5.93,0.53,4.24
2657,5.93,0.53,4.24
2658,5.93,0.53,4.24
2659,5.93,0.54,4.32
2660,5.93,0.54,4.32
2661,5.93,0.54,4.32
2662,5.93,0.54,4.32
2663,5.93,0.54,4.32
2664,5.93,0.54,4.32
2665,5.93,0.54,4.32
2666,5.93,0.54,4.32
2667,5.93,0.54,4.32
2668,5.93,0.54,4.32
2669,5.93,0.54,4.32
2670,5.93,0.54,4.32
2671,5.93,0.54,4.32
2672,5.93,0.54,4.32
2673,5.93,0.54,4.32
2674,5.93,0.54,4.32
2675,5.93,0.54,4.32
2676,5.93,0.54,4.32
2677,5.93,0.54,4.32
2678,5.93,0.54,4.32
2679,5.93,0.54,4.32
2680,5.93,0.54,4.32
2681,5.93,0.54,4.32
2682,5.93,0.54,4.32
2683,5.93,0.54,4.32
2684,5.93,0.54,4.32
2685,5.93,0.53,4.24
2686,5.93,0.53,4.24
2687,5.93,0.53,4.24
2688,5.93,0.53,4.24
2689,5.93,0.52,4.16
2690,5.93,0.52,4.16
2691,5.93,0.51,4.08
2692,5.93,0.51,4.08
2693,5.93,0.51,4.08
2694,5.93,0.5,4.0
2695,5.93,0.5,4.0
2696,5.93,0.5,4.0
2697,5.93,0.49,3.92
2698,5.93,0.49,3.92
