datetime,frame_id,drone_id,worker_id,proc_latency_ms
2020-06-12 00:00:00.000000,1,2,6,30.235003720794808
2020-06-12 00:00:00.001000,2,2,2,31.05402513861823
2020-06-12 00:00:00.002000,3,2,1,34.84326396125573
2020-06-12 00:00:00.003000,4,2,4,34.049072809688624
2020-06-12 00:00:00.004000,5,2,6,33.30499180193117
2020-06-12 00:00:00.005000,6,2,5,31.562471562320397
2020-06-12 00:00:00.006000,7,2,5,32.80408847398171
2020-06-12 00:00:00.007000,8,2,1,34.313217484652014
2020-06-12 00:00:00.008000,9,2,5,34.80642359822759
2020-06-12 00:00:00.009000,10,2,2,31.423189867045426
2020-06-12 00:00:00.010000,11,2,4,30.88501554478096
2020-06-12 00:00:00.011000,12,2,6,32.306789781804234
2020-06-12 00:00:00.012000,13,2,6,30.333719078555827
2020-06-12 00:00:00.013000,14,2,3,30.95835421511696
2020-06-12 00:00:00.014000,15,2,6,31.514603968472795
2020-06-12 00:00:00.015000,16,2,4,30.539056371109634
2020-06-12 00:00:00.016000,17,2,6,30.64385651689459
2020-06-12 00:00:00.017000,18,2,5,30.28222333206715
2020-06-12 00:00:00.018000,19,2,1,31.45996239510985
2020-06-12 00:00:00.019000,20,2,5,30.259518917861094
2020-06-12 00:00:00.020000,21,2,3,33.10117766073167
2020-06-12 00:00:00.021000,22,2,5,32.78042755754196
2020-06-12 00:00:00.022000,23,2,3,32.71735202294339
2020-06-12 00:00:00.023000,24,2,5,34.13722352301748
2020-06-12 00:00:00.024000,25,2,5,31.554751763897894
2020-06-12 00:00:00.025000,26,2,5,32.56139080729136
2020-06-12 00:00:00.026000,27,2,3,30.072344276958294
2020-06-12 00:00:00.027000,28,2,3,31.182589049997205
2020-06-12 00:00:00.028000,29,2,5,30.73487803821281
2020-06-12 00:00:00.029000,30,2,2,31.300782243858663
2020-06-12 00:00:00.030000,31,2,2,30.63858000077458
2020-06-12 00:00:00.031000,32,2,3,32.17831352946585
2020-06-12 00:00:00.032000,33,2,3,30.4143685436017
2020-06-12 00:00:00.033000,34,2,4,33.77135144898832
2020-06-12 00:00:00.034000,35,2,5,30.005343365275376
2020-06-12 00:00:00.035000,36,2,2,34.4383448890853
2020-06-12 00:00:00.036000,37,2,3,31.518889586251024
2020-06-12 00:00:00.037000,38,2,6,32.54312884343007
2020-06-12 00:00:00.038000,39,2,3,33.752306051943535
2020-06-12 00:00:00.039000,40,2,2,30.02316732494422
2020-06-12 00:00:00.040000,41,2,1,30.128009165170848
2020-06-12 00:00:00.041000,42,2,2,33.02115220303008
2020-06-12 00:00:00.042000,43,2,4,34.23104542114045
2020-06-12 00:00:00.043000,44,2,1,30.946040956967824
2020-06-12 00:00:00.044000,45,2,5,32.34478751727839
2020-06-12 00:00:00.045000,46,2,3,31.473919716314352
2020-06-12 00:00:00.046000,47,2,3,30.15799395628317
2020-06-12 00:00:00.047000,48,2,1,32.21056328703585
2020-06-12 00:00:00.048000,49,2,1,30.27398373180276
2020-06-12 00:00:00.049000,50,2,3,34.62849769945314
2020-06-12 00:00:00.050000,51,2,6,32.779551526660434
2020-06-12 00:00:00.051000,52,2,3,34.9358212616697
2020-06-12 00:00:00.052000,53,2,4,34.594530004058804
2020-06-12 00:00:00.053000,54,2,3,34.09840577168758
2020-06-12 00:00:00.054000,55,2,1,34.807224607323406
2020-06-12 00:00:00.055000,56,2,2,34.67900247744255
2020-06-12 00:00:00.056000,57,2,2,32.55452953682333
2020-06-12 00:00:00.057000,58,2,4,34.66393526887927
2020-06-12 00:00:00.058000,59,2,4,34.24191329601292
2020-06-12 00:00:00.059000,60,2,3,33.809819072851276
2020-06-12 00:00:00.060000,61,2,2,30.153892454301694
2020-06-12 00:00:00.061000,62,2,6,31.459930194471827
2020-06-12 00:00:00.062000,63,2,1,31.142657668671305
2020-06-12 00:00:00.063000,64,2,4,30.019746581645105
2020-06-12 00:00:00.064000,65,2,2,32.7221612596047
2020-06-12 00:00:00.065000,66,2,1,31.08837068481789
2020-06-12 00:00:00.066000,67,2,3,31.357758416424833
2020-06-12 00:00:00.067000,68,2,3,33.40059778904157
2020-06-12 00:00:00.068000,69,2,6,34.95309472942049
2020-06-12 00:00:00.069000,70,2,5,32.681684322416004
2020-06-12 00:00:00.070000,71,2,6,31.731652026409918
2020-06-12 00:00:00.071000,72,2,4,32.194069531531895
2020-06-12 00:00:00.072000,73,2,3,33.24047194697115
2020-06-12 00:00:00.073000,74,2,1,30.183646814471263
2020-06-12 00:00:00.074000,75,2,1,34.408072174875606
2020-06-12 00:00:00.075000,76,2,1,30.88278211628564
2020-06-12 00:00:00.076000,77,2,1,31.46124576488678
2020-06-12 00:00:00.077000,78,2,4,32.50258448627239
2020-06-12 00:00:00.078000,79,2,3,30.420018326910252
2020-06-12 00:00:00.079000,80,2,1,34.92497100088274
2020-06-12 00:00:00.080000,81,2,4,30.379131338159322
2020-06-12 00:00:00.081000,82,2,6,30.977880338720308
2020-06-12 00:00:00.082000,83,2,5,33.42736318761432
2020-06-12 00:00:00.083000,84,2,3,34.11069443457325
2020-06-12 00:00:00.084000,85,2,4,33.54979673543925
2020-06-12 00:00:00.085000,86,2,3,34.64763319654645
2020-06-12 00:00:00.086000,87,2,1,31.190599730534856
2020-06-12 00:00:00.087000,88,2,5,34.47821096313621
2020-06-12 00:00:00.088000,89,2,6,34.86029500773698
2020-06-12 00:00:00.089000,90,2,1,30.2955991818417
2020-06-12 00:00:00.090000,91,2,5,34.823913216654894
2020-06-12 00:00:00.091000,92,2,5,32.82870814923684
2020-06-12 00:00:00.092000,93,2,3,33.16745364258033
2020-06-12 00:00:00.093000,94,2,1,34.622533061810586
2020-06-12 00:00:00.094000,95,2,2,34.622046051406045
2020-06-12 00:00:00.095000,96,2,4,34.68134302901429
2020-06-12 00:00:00.096000,97,2,6,31.391543266830343
2020-06-12 00:00:00.097000,98,2,6,30.44475856208545
2020-06-12 00:00:00.098000,99,2,2,32.01950712143612
2020-06-12 00:00:00.099000,100,2,2,33.20205496862594
2020-06-12 00:00:00.100000,101,2,4,32.87338201151702
2020-06-12 00:00:00.101000,102,2,2,34.191517253156036
2020-06-12 00:00:00.102000,103,2,6,32.03775196052853
2020-06-12 00:00:00.103000,104,2,4,33.94756014257726
2020-06-12 00:00:00.104000,105,2,1,33.42966179917755
2020-06-12 00:00:00.105000,106,2,4,32.41887479901635
2020-06-12 00:00:00.106000,107,2,5,31.798290270784285
2020-06-12 00:00:00.107000,108,2,1,34.34096289836865
2020-06-12 00:00:00.108000,109,2,5,33.07255123095996
2020-06-12 00:00:00.109000,110,2,5,33.090200459857684
2020-06-12 00:00:00.110000,111,2,6,32.70886062133442
2020-06-12 00:00:00.111000,112,2,6,32.04273693933705
2020-06-12 00:00:00.112000,113,2,6,31.574322714527657
2020-06-12 00:00:00.113000,114,2,2,30.651290653737124
2020-06-12 00:00:00.114000,115,2,4,32.849993256855484
2020-06-12 00:00:00.115000,116,2,2,30.590215628572253
2020-06-12 00:00:00.116000,117,2,4,33.70772737488076
2020-06-12 00:00:00.117000,118,2,6,32.8134338201305
2020-06-12 00:00:00.118000,119,2,5,31.831225876676474
2020-06-12 00:00:00.119000,120,2,5,34.82008089047797
2020-06-12 00:00:00.120000,121,2,2,34.06611476905433
2020-06-12 00:00:00.121000,122,2,3,34.8024931369285
2020-06-12 00:00:00.122000,123,2,4,33.28338600925791
2020-06-12 00:00:00.123000,124,2,3,32.71125414042008
2020-06-12 00:00:00.124000,125,2,5,33.440956614752025
2020-06-12 00:00:00.125000,126,2,3,30.64756518006991
2020-06-12 00:00:00.126000,127,2,3,31.106123204610846
2020-06-12 00:00:00.127000,128,2,2,33.99859569171552
2020-06-12 00:00:00.128000,129,2,3,34.662794656457535
2020-06-12 00:00:00.129000,130,2,6,33.589349120923885
2020-06-12 00:00:00.130000,131,2,3,31.44640725210244
2020-06-12 00:00:00.131000,132,2,1,31.237233765914777
2020-06-12 00:00:00.132000,133,2,4,34.81305504945386
2020-06-12 00:00:00.133000,134,2,3,31.41544451429634
2020-06-12 00:00:00.134000,135,2,2,31.95720373440066
2020-06-12 00:00:00.135000,136,2,1,32.4552374068463
2020-06-12 00:00:00.136000,137,2,6,33.99918898356819
2020-06-12 00:00:00.137000,138,2,3,33.81387944100752
2020-06-12 00:00:00.138000,139,2,2,33.584799940315214
2020-06-12 00:00:00.139000,140,2,3,30.432190914768174
2020-06-12 00:00:00.140000,141,2,3,33.69815946385121
2020-06-12 00:00:00.141000,142,2,2,33.5615424422005
2020-06-12 00:00:00.142000,143,2,3,32.56918639217107
2020-06-12 00:00:00.143000,144,2,4,33.09708943582477
2020-06-12 00:00:00.144000,145,2,5,34.20953616231499
2020-06-12 00:00:00.145000,146,2,2,34.472384890691565
2020-06-12 00:00:00.146000,147,2,4,31.556185268415405
2020-06-12 00:00:00.147000,148,2,4,31.943160953373773
2020-06-12 00:00:00.148000,149,2,4,32.67851642116388
2020-06-12 00:00:00.149000,150,2,3,34.394948395221796
2020-06-12 00:00:00.150000,151,2,3,30.774502653901152
2020-06-12 00:00:00.151000,152,2,2,34.52127119568469
2020-06-12 00:00:00.152000,153,2,2,32.17534698151399
2020-06-12 00:00:00.153000,154,2,4,30.84586895838492
2020-06-12 00:00:00.154000,155,2,5,34.45423766916168
2020-06-12 00:00:00.155000,156,2,1,33.92049076531206
2020-06-12 00:00:00.156000,157,2,2,34.987167566812296
2020-06-12 00:00:00.157000,158,2,6,33.618867448636905
2020-06-12 00:00:00.158000,159,2,5,34.53150231968252
2020-06-12 00:00:00.159000,160,2,3,31.594037599722892
2020-06-12 00:00:00.160000,161,2,2,31.734167421980462
2020-06-12 00:00:00.161000,162,2,6,30.21360412479153
2020-06-12 00:00:00.162000,163,2,5,31.349392831127346
2020-06-12 00:00:00.163000,164,2,2,32.10774681204855
2020-06-12 00:00:00.164000,165,2,6,31.102207444771768
2020-06-12 00:00:00.165000,166,2,4,33.978849503741486
2020-06-12 00:00:00.166000,167,2,6,34.1975859775463
2020-06-12 00:00:00.167000,168,2,3,33.10876738139982
2020-06-12 00:00:00.168000,169,2,6,32.085601703330695
2020-06-12 00:00:00.169000,170,2,2,30.520223069127262
2020-06-12 00:00:00.170000,171,2,1,32.42789353096437
2020-06-12 00:00:00.171000,172,2,6,33.05719397766234
2020-06-12 00:00:00.172000,173,2,6,33.46245356082726
2020-06-12 00:00:00.173000,174,2,3,34.837137580195304
2020-06-12 00:00:00.174000,175,2,6,32.049839444965784
2020-06-12 00:00:00.175000,176,2,2,32.80336922587309
2020-06-12 00:00:00.176000,177,2,1,33.090104543152336
2020-06-12 00:00:00.177000,178,2,2,30.04959283792044
2020-06-12 00:00:00.178000,179,2,1,30.749214997820083
2020-06-12 00:00:00.179000,180,2,6,31.3050472828194
2020-06-12 00:00:00.180000,181,2,3,33.887766638805466
2020-06-12 00:00:00.181000,182,2,2,32.28832554540624
2020-06-12 00:00:00.182000,183,2,2,32.72363711174713
2020-06-12 00:00:00.183000,184,2,5,30.61884978672417
2020-06-12 00:00:00.184000,185,2,4,30.980641679628665
2020-06-12 00:00:00.185000,186,2,2,34.607836619222056
2020-06-12 00:00:00.186000,187,2,4,33.341841942236826
2020-06-12 00:00:00.187000,188,2,5,31.99478501158459
2020-06-12 00:00:00.188000,189,2,3,34.78995872264257
2020-06-12 00:00:00.189000,190,2,3,34.767452048648295
2020-06-12 00:00:00.190000,191,2,1,32.23278981815321
2020-06-12 00:00:00.191000,192,2,3,30.408668523259642
2020-06-12 00:00:00.192000,193,2,5,30.965620972809393
2020-06-12 00:00:00.193000,194,2,4,30.85443679048378
2020-06-12 00:00:00.194000,195,2,5,33.28626707677252
2020-06-12 00:00:00.195000,196,2,4,32.49265921154608
2020-06-12 00:00:00.196000,197,2,4,32.091400644069985
2020-06-12 00:00:00.197000,198,2,1,34.51603863588786
2020-06-12 00:00:00.198000,199,2,4,33.72953664869608
2020-06-12 00:00:00.199000,200,2,3,32.38017124109619
2020-06-12 00:00:00.200000,201,2,6,30.646853179657523
2020-06-12 00:00:00.201000,202,2,6,30.951843899555204
2020-06-12 00:00:00.202000,203,2,5,33.49549639908203
2020-06-12 00:00:00.203000,204,2,6,31.667675972684112
2020-06-12 00:00:00.204000,205,2,1,33.563893428384155
2020-06-12 00:00:00.205000,206,2,5,34.58683416986635
2020-06-12 00:00:00.206000,207,2,3,30.09736803299139
2020-06-12 00:00:00.207000,208,2,3,34.53822327979358
2020-06-12 00:00:00.208000,209,2,6,32.273203716364016
2020-06-12 00:00:00.209000,210,2,2,34.69395473934436
2020-06-12 00:00:00.210000,211,2,6,34.26759615134202
2020-06-12 00:00:00.211000,212,2,6,33.35098834946316
2020-06-12 00:00:00.212000,213,2,6,32.916582099450004
2020-06-12 00:00:00.213000,214,2,3,30.04920761017212
2020-06-12 00:00:00.214000,215,2,2,34.83620162218547
2020-06-12 00:00:00.215000,216,2,2,31.090317952116337
2020-06-12 00:00:00.216000,217,2,6,31.745173340059672
2020-06-12 00:00:00.217000,218,2,4,31.43478948392705
2020-06-12 00:00:00.218000,219,2,1,31.036555898531336
2020-06-12 00:00:00.219000,220,2,4,31.182294731741948
2020-06-12 00:00:00.220000,221,2,2,33.39778214258933
2020-06-12 00:00:00.221000,222,2,6,34.30754225748665
2020-06-12 00:00:00.222000,223,2,1,33.537656800141534
2020-06-12 00:00:00.223000,224,2,1,30.07043239632536
2020-06-12 00:00:00.224000,225,2,2,33.56500671957512
2020-06-12 00:00:00.225000,226,2,2,34.20715757220536
2020-06-12 00:00:00.226000,227,2,1,31.713961887549214
2020-06-12 00:00:00.227000,228,2,5,31.036122112877873
2020-06-12 00:00:00.228000,229,2,1,30.8658656367504
2020-06-12 00:00:00.229000,230,2,5,30.882612592659157
2020-06-12 00:00:00.230000,231,2,4,32.16440048112546
2020-06-12 00:00:00.231000,232,2,6,30.176937752834966
2020-06-12 00:00:00.232000,233,2,5,33.48111146062323
2020-06-12 00:00:00.233000,234,2,2,33.29719212523148
2020-06-12 00:00:00.234000,235,2,4,34.13233442807454
2020-06-12 00:00:00.235000,236,2,1,34.019475656810556
2020-06-12 00:00:00.236000,237,2,4,31.956085857272157
2020-06-12 00:00:00.237000,238,2,1,32.97661539572685
2020-06-12 00:00:00.238000,239,2,6,33.389032310733796
2020-06-12 00:00:00.239000,240,2,4,34.27012018722651
2020-06-12 00:00:00.240000,241,2,6,30.01249909947146
2020-06-12 00:00:00.241000,242,2,2,32.94620939701146
2020-06-12 00:00:00.242000,243,2,3,33.99447078630154
2020-06-12 00:00:00.243000,244,2,1,32.308317322564264
2020-06-12 00:00:00.244000,245,2,3,30.756047943514986
2020-06-12 00:00:00.245000,246,2,2,34.313255406082355
2020-06-12 00:00:00.246000,247,2,5,30.118202865684225
2020-06-12 00:00:00.247000,248,2,3,33.87956715687449
2020-06-12 00:00:00.248000,249,2,3,32.628916675895454
2020-06-12 00:00:00.249000,250,2,1,31.271444300743333
2020-06-12 00:00:00.250000,251,2,5,31.214077979756205
2020-06-12 00:00:00.251000,252,2,1,34.92076717645984
2020-06-12 00:00:00.252000,253,2,6,34.061973965146606
2020-06-12 00:00:00.253000,254,2,3,30.82626253303499
2020-06-12 00:00:00.254000,255,2,2,30.31141740944267
2020-06-12 00:00:00.255000,256,2,6,32.88913960111111
2020-06-12 00:00:00.256000,257,2,5,32.7821444855257
2020-06-12 00:00:00.257000,258,2,5,32.67753306573742
2020-06-12 00:00:00.258000,259,2,5,34.696721098154036
2020-06-12 00:00:00.259000,260,2,3,34.34051334230573
2020-06-12 00:00:00.260000,261,2,2,30.30609429209338
2020-06-12 00:00:00.261000,262,2,4,31.36540949254788
2020-06-12 00:00:00.262000,263,2,2,34.441545573675086
2020-06-12 00:00:00.263000,264,2,3,30.965327210797277
2020-06-12 00:00:00.264000,265,2,5,32.62378598866874
2020-06-12 00:00:00.265000,266,2,5,34.92905015614046
2020-06-12 00:00:00.266000,267,2,3,34.074230229874324
2020-06-12 00:00:00.267000,268,2,1,33.62263282973297
2020-06-12 00:00:00.268000,269,2,5,32.86276407991552
2020-06-12 00:00:00.269000,270,2,1,32.39507530708021
2020-06-12 00:00:00.270000,271,2,4,32.387334467486646
2020-06-12 00:00:00.271000,272,2,4,33.24245379931506
2020-06-12 00:00:00.272000,273,2,5,34.741834189729666
2020-06-12 00:00:00.273000,274,2,4,31.96135766220276
2020-06-12 00:00:00.274000,275,2,1,33.199422048221855
2020-06-12 00:00:00.275000,276,2,6,33.725785149016545
2020-06-12 00:00:00.276000,277,2,2,31.212951496965346
2020-06-12 00:00:00.277000,278,2,5,30.203906604539863
2020-06-12 00:00:00.278000,279,2,2,30.44586828206028
2020-06-12 00:00:00.279000,280,2,5,31.52302891163909
2020-06-12 00:00:00.280000,281,2,2,33.346919593591764
2020-06-12 00:00:00.281000,282,2,4,30.705600575023215
2020-06-12 00:00:00.282000,283,2,1,31.121423943293884
2020-06-12 00:00:00.283000,284,2,4,34.04608792723063
2020-06-12 00:00:00.284000,285,2,3,31.262836450069212
2020-06-12 00:00:00.285000,286,2,6,31.200298573643646
2020-06-12 00:00:00.286000,287,2,6,32.382277604092025
2020-06-12 00:00:00.287000,288,2,1,30.74665376717995
2020-06-12 00:00:00.288000,289,2,1,30.08446008981283
2020-06-12 00:00:00.289000,290,2,4,34.307714742351436
2020-06-12 00:00:00.290000,291,2,6,34.859609621718484
2020-06-12 00:00:00.291000,292,2,1,30.21114972301967
2020-06-12 00:00:00.292000,293,2,2,31.933863122656547
2020-06-12 00:00:00.293000,294,2,5,33.823935338818934
2020-06-12 00:00:00.294000,295,2,4,31.69367015989188
2020-06-12 00:00:00.295000,296,2,5,34.51637572209291
2020-06-12 00:00:00.296000,297,2,4,33.97783667190339
2020-06-12 00:00:00.297000,298,2,6,30.295631972559818
2020-06-12 00:00:00.298000,299,2,5,33.550157029034224
2020-06-12 00:00:00.299000,300,2,5,31.5579419848753
2020-06-12 00:00:00.300000,301,2,5,30.299916212461248
2020-06-12 00:00:00.301000,302,2,3,31.350129697442963
2020-06-12 00:00:00.302000,303,2,5,31.500228487772805
2020-06-12 00:00:00.303000,304,2,4,33.7321875147341
2020-06-12 00:00:00.304000,305,2,2,31.342863805510675
2020-06-12 00:00:00.305000,306,2,4,32.928391368439115
2020-06-12 00:00:00.306000,307,2,4,32.30001900571006
2020-06-12 00:00:00.307000,308,2,6,32.48201583277316
2020-06-12 00:00:00.308000,309,2,2,34.53517074706588
2020-06-12 00:00:00.309000,310,2,6,33.99281094646403
2020-06-12 00:00:00.310000,311,2,5,32.366844671369606
2020-06-12 00:00:00.311000,312,2,4,31.182912816660657
2020-06-12 00:00:00.312000,313,2,4,31.71751574234625
2020-06-12 00:00:00.313000,314,2,2,31.490435277071715
2020-06-12 00:00:00.314000,315,2,6,30.415998136529083
2020-06-12 00:00:00.315000,316,2,4,31.759568523805562
2020-06-12 00:00:00.316000,317,2,4,34.998595453200174
2020-06-12 00:00:00.317000,318,2,2,31.494202568326678
2020-06-12 00:00:00.318000,319,2,2,33.538774809734925
2020-06-12 00:00:00.319000,320,2,3,31.310574003140662
2020-06-12 00:00:00.320000,321,2,5,32.603007163279834
2020-06-12 00:00:00.321000,322,2,3,32.98319884754601
2020-06-12 00:00:00.322000,323,2,5,34.96871461056579
2020-06-12 00:00:00.323000,324,2,5,30.091646641246072
2020-06-12 00:00:00.324000,325,2,1,30.112167100977672
2020-06-12 00:00:00.325000,326,2,5,32.36215484895755
2020-06-12 00:00:00.326000,327,2,4,34.4015993190303
2020-06-12 00:00:00.327000,328,2,3,33.56997080999408
2020-06-12 00:00:00.328000,329,2,2,30.437423310401037
2020-06-12 00:00:00.329000,330,2,4,32.88213198573566
2020-06-12 00:00:00.330000,331,2,4,30.61261250000908
2020-06-12 00:00:00.331000,332,2,6,31.179476116627526
2020-06-12 00:00:00.332000,333,2,6,31.26164843419822
2020-06-12 00:00:00.333000,334,2,3,34.388147636418104
2020-06-12 00:00:00.334000,335,2,3,34.46962821191022
2020-06-12 00:00:00.335000,336,2,2,30.581661353799515
2020-06-12 00:00:00.336000,337,2,3,32.813721561226984
2020-06-12 00:00:00.337000,338,2,4,31.16371144524576
2020-06-12 00:00:00.338000,339,2,4,34.41775288534113
2020-06-12 00:00:00.339000,340,2,4,34.809926239015056
2020-06-12 00:00:00.340000,341,2,5,34.305725969420976
2020-06-12 00:00:00.341000,342,2,5,30.432146415017655
2020-06-12 00:00:00.342000,343,2,2,31.48987851238943
2020-06-12 00:00:00.343000,344,2,6,33.60071230654748
2020-06-12 00:00:00.344000,345,2,1,32.971921915385145
2020-06-12 00:00:00.345000,346,2,1,30.00134688613804
2020-06-12 00:00:00.346000,347,2,6,31.045408273265597
2020-06-12 00:00:00.347000,348,2,1,34.615195733469264
2020-06-12 00:00:00.348000,349,2,1,31.110279338748615
2020-06-12 00:00:00.349000,350,2,3,33.955690711245325
2020-06-12 00:00:00.350000,351,2,5,31.833763018173695
2020-06-12 00:00:00.351000,352,2,4,30.69217832240471
2020-06-12 00:00:00.352000,353,2,2,32.87858031811777
2020-06-12 00:00:00.353000,354,2,4,30.761793321334903
2020-06-12 00:00:00.354000,355,2,2,33.56656383417179
2020-06-12 00:00:00.355000,356,2,6,31.85114997019421
2020-06-12 00:00:00.356000,357,2,5,34.101913664124794
2020-06-12 00:00:00.357000,358,2,2,31.000611224077165
2020-06-12 00:00:00.358000,359,2,2,31.646883970276576
2020-06-12 00:00:00.359000,360,2,6,33.225878017197786
2020-06-12 00:00:00.360000,361,2,1,34.9968651347392
2020-06-12 00:00:00.361000,362,2,6,31.859427250937717
2020-06-12 00:00:00.362000,363,2,4,34.38785939565928
2020-06-12 00:00:00.363000,364,2,2,32.60793641334176
2020-06-12 00:00:00.364000,365,2,3,33.19027043011124
2020-06-12 00:00:00.365000,366,2,6,30.71522972620042
2020-06-12 00:00:00.366000,367,2,2,34.136876397103194
2020-06-12 00:00:00.367000,368,2,6,31.013433092441826
2020-06-12 00:00:00.368000,369,2,2,34.62377098487471
2020-06-12 00:00:00.369000,370,2,5,31.148519915814887
2020-06-12 00:00:00.370000,371,2,6,31.559491364721794
2020-06-12 00:00:00.371000,372,2,5,34.918776534128924
2020-06-12 00:00:00.372000,373,2,5,33.19610918993076
2020-06-12 00:00:00.373000,374,2,1,34.263873290133574
2020-06-12 00:00:00.374000,375,2,3,32.5709984619574
2020-06-12 00:00:00.375000,376,2,4,32.105373225287124
2020-06-12 00:00:00.376000,377,2,1,30.23326981652793
2020-06-12 00:00:00.377000,378,2,3,34.76375626190207
2020-06-12 00:00:00.378000,379,2,5,30.194438531340936
2020-06-12 00:00:00.379000,380,2,1,33.790003610266595
2020-06-12 00:00:00.380000,381,2,5,30.086518997894455
2020-06-12 00:00:00.381000,382,2,3,30.0353036636594
2020-06-12 00:00:00.382000,383,2,5,32.314281747092146
2020-06-12 00:00:00.383000,384,2,5,31.71149815709347
2020-06-12 00:00:00.384000,385,2,3,32.66870796483768
2020-06-12 00:00:00.385000,386,2,5,34.508425262417305
2020-06-12 00:00:00.386000,387,2,3,33.095174670897094
2020-06-12 00:00:00.387000,388,2,1,30.02588480920888
2020-06-12 00:00:00.388000,389,2,6,34.70934331695483
2020-06-12 00:00:00.389000,390,2,5,33.13989067416274
2020-06-12 00:00:00.390000,391,2,4,32.7844460092549
2020-06-12 00:00:00.391000,392,2,6,31.92437198776754
2020-06-12 00:00:00.392000,393,2,4,33.8080044399923
2020-06-12 00:00:00.393000,394,2,2,30.12950960468604
2020-06-12 00:00:00.394000,395,2,4,33.40700251019761
2020-06-12 00:00:00.395000,396,2,5,33.35944033000221
2020-06-12 00:00:00.396000,397,2,6,31.936632933727935
2020-06-12 00:00:00.397000,398,2,2,31.557693464703515
2020-06-12 00:00:00.398000,399,2,5,34.74459359510681
2020-06-12 00:00:00.399000,400,2,5,30.939665596869784
2020-06-12 00:00:00.400000,401,2,3,30.104759914727865
2020-06-12 00:00:00.401000,402,2,6,33.02866620252332
2020-06-12 00:00:00.402000,403,2,2,30.065256352140555
2020-06-12 00:00:00.403000,404,2,3,34.668906351887514
2020-06-12 00:00:00.404000,405,2,2,32.790179245692634
2020-06-12 00:00:00.405000,406,2,5,33.065795400566365
2020-06-12 00:00:00.406000,407,2,4,31.51671278316826
2020-06-12 00:00:00.407000,408,2,4,34.44108852383337
2020-06-12 00:00:00.408000,409,2,1,30.648069342252857
2020-06-12 00:00:00.409000,410,2,1,32.442707661066045
2020-06-12 00:00:00.410000,411,2,6,30.14501865807134
2020-06-12 00:00:00.411000,412,2,4,34.154477838427795
2020-06-12 00:00:00.412000,413,2,4,34.20893485180983
2020-06-12 00:00:00.413000,414,2,4,32.11374577979182
2020-06-12 00:00:00.414000,415,2,1,31.696999347113103
2020-06-12 00:00:00.415000,416,2,1,30.651182945209865
2020-06-12 00:00:00.416000,417,2,2,34.26652376999003
2020-06-12 00:00:00.417000,418,2,1,34.325355959424996
2020-06-12 00:00:00.418000,419,2,3,33.591806700911924
2020-06-12 00:00:00.419000,420,2,4,32.57343273883147
2020-06-12 00:00:00.420000,421,2,1,30.508134995082624
2020-06-12 00:00:00.421000,422,2,4,30.65510228498387
2020-06-12 00:00:00.422000,423,2,6,34.70890091828641
2020-06-12 00:00:00.423000,424,2,5,32.65419936638242
2020-06-12 00:00:00.424000,425,2,5,34.70712045450405
2020-06-12 00:00:00.425000,426,2,1,34.473160659299324
2020-06-12 00:00:00.426000,427,2,1,34.528482944691405
2020-06-12 00:00:00.427000,428,2,2,32.236414149218724
2020-06-12 00:00:00.428000,429,2,4,34.95322110211914
2020-06-12 00:00:00.429000,430,2,2,31.939351869368757
2020-06-12 00:00:00.430000,431,2,1,30.91915306527094
2020-06-12 00:00:00.431000,432,2,3,31.11799991928273
2020-06-12 00:00:00.432000,433,2,2,34.11945864133871
2020-06-12 00:00:00.433000,434,2,4,33.62633293821853
2020-06-12 00:00:00.434000,435,2,3,34.22330043658496
2020-06-12 00:00:00.435000,436,2,4,34.91922608404327
2020-06-12 00:00:00.436000,437,2,4,32.96155732263565
2020-06-12 00:00:00.437000,438,2,4,30.76934411623919
2020-06-12 00:00:00.438000,439,2,2,32.7344251973138
2020-06-12 00:00:00.439000,440,2,2,30.927890546743026
2020-06-12 00:00:00.440000,441,2,2,30.214502103276804
2020-06-12 00:00:00.441000,442,2,4,31.58939797940705
2020-06-12 00:00:00.442000,443,2,5,31.629695169984178
2020-06-12 00:00:00.443000,444,2,2,34.24529670342154
2020-06-12 00:00:00.444000,445,2,3,33.3964399147991
2020-06-12 00:00:00.445000,446,2,1,33.19181066787294
2020-06-12 00:00:00.446000,447,2,6,30.781998358181664
2020-06-12 00:00:00.447000,448,2,6,30.76515834301423
2020-06-12 00:00:00.448000,449,2,2,33.00108910875521
2020-06-12 00:00:00.449000,450,2,5,32.67047956075478
2020-06-12 00:00:00.450000,451,2,1,30.51584178281598
2020-06-12 00:00:00.451000,452,2,1,30.943692747489116
2020-06-12 00:00:00.452000,453,2,3,31.501717715350644
2020-06-12 00:00:00.453000,454,2,4,33.69038102288866
2020-06-12 00:00:00.454000,455,2,3,32.08208864929205
2020-06-12 00:00:00.455000,456,2,2,33.470400849355734
2020-06-12 00:00:00.456000,457,2,4,30.017131800485853
2020-06-12 00:00:00.457000,458,2,5,32.16204677130689
2020-06-12 00:00:00.458000,459,2,2,31.717039871775768
2020-06-12 00:00:00.459000,460,2,4,30.76304330778944
2020-06-12 00:00:00.460000,461,2,3,32.175320882000904
2020-06-12 00:00:00.461000,462,2,2,32.2704850927997
2020-06-12 00:00:00.462000,463,2,3,33.00054758684732
2020-06-12 00:00:00.463000,464,2,4,34.47903794492718
2020-06-12 00:00:00.464000,465,2,5,31.497957511505057
2020-06-12 00:00:00.465000,466,2,2,30.000493327331284
2020-06-12 00:00:00.466000,467,2,2,34.904314064213175
2020-06-12 00:00:00.467000,468,2,6,33.04502128866283
2020-06-12 00:00:00.468000,469,2,6,32.48963722518065
2020-06-12 00:00:00.469000,470,2,2,34.184623972971636
2020-06-12 00:00:00.470000,471,2,4,34.97374005285588
2020-06-12 00:00:00.471000,472,2,4,33.6180336828546
2020-06-12 00:00:00.472000,473,2,5,30.736017577290088
2020-06-12 00:00:00.473000,474,2,6,32.144421963793214
2020-06-12 00:00:00.474000,475,2,1,30.724669667097526
2020-06-12 00:00:00.475000,476,2,6,33.79613306234652
2020-06-12 00:00:00.476000,477,2,1,30.42484910146806
2020-06-12 00:00:00.477000,478,2,1,32.19339936242809
2020-06-12 00:00:00.478000,479,2,5,30.047670897253347
2020-06-12 00:00:00.479000,480,2,3,32.579915803233945
2020-06-12 00:00:00.480000,481,2,5,32.726359982847825
2020-06-12 00:00:00.481000,482,2,5,30.010574259980295
2020-06-12 00:00:00.482000,483,2,5,30.999143128972772
2020-06-12 00:00:00.483000,484,2,1,33.156180305995136
2020-06-12 00:00:00.484000,485,2,4,33.53335692204192
2020-06-12 00:00:00.485000,486,2,5,32.54105514084441
2020-06-12 00:00:00.486000,487,2,2,31.57313328312391
2020-06-12 00:00:00.487000,488,2,3,33.99848095213052
2020-06-12 00:00:00.488000,489,2,1,33.070929059767785
2020-06-12 00:00:00.489000,490,2,1,32.26369111633564
2020-06-12 00:00:00.490000,491,2,5,34.07206618497542
2020-06-12 00:00:00.491000,492,2,4,32.019737952708184
2020-06-12 00:00:00.492000,493,2,2,31.360749839512298
2020-06-12 00:00:00.493000,494,2,5,31.335134463568036
2020-06-12 00:00:00.494000,495,2,5,31.088791126912874
2020-06-12 00:00:00.495000,496,2,6,30.005540203974174
2020-06-12 00:00:00.496000,497,2,4,33.022381102275176
2020-06-12 00:00:00.497000,498,2,3,33.35125730834609
2020-06-12 00:00:00.498000,499,2,1,33.09675164972131
2020-06-12 00:00:00.499000,500,2,6,32.80827721340974
2020-06-12 00:00:00.500000,501,2,3,33.83763691783309
2020-06-12 00:00:00.501000,502,2,2,32.4540435379692
2020-06-12 00:00:00.502000,503,2,1,33.415516367027315
2020-06-12 00:00:00.503000,504,2,3,33.433941510601244
2020-06-12 00:00:00.504000,505,2,6,30.16370244236817
2020-06-12 00:00:00.505000,506,2,4,33.32940422788482
2020-06-12 00:00:00.506000,507,2,4,34.186527762283774
2020-06-12 00:00:00.507000,508,2,6,30.274928980442944
2020-06-12 00:00:00.508000,509,2,6,32.763686839185986
2020-06-12 00:00:00.509000,510,2,2,34.057681710819054
2020-06-12 00:00:00.510000,511,2,5,34.14855426591668
2020-06-12 00:00:00.511000,512,2,2,34.72053265486418
2020-06-12 00:00:00.512000,513,2,5,33.23094581924654
2020-06-12 00:00:00.513000,514,2,3,31.75959370687468
2020-06-12 00:00:00.514000,515,2,6,30.78331312285649
2020-06-12 00:00:00.515000,516,2,3,31.551875918603915
2020-06-12 00:00:00.516000,517,2,6,30.6090335408319
2020-06-12 00:00:00.517000,518,2,4,31.426209847850792
2020-06-12 00:00:00.518000,519,2,2,30.704325917650035
2020-06-12 00:00:00.519000,520,2,1,32.933079668243124
2020-06-12 00:00:00.520000,521,2,4,31.327318831327673
2020-06-12 00:00:00.521000,522,2,6,31.86173868086803
2020-06-12 00:00:00.522000,523,2,5,31.50316537753406
2020-06-12 00:00:00.523000,524,2,1,31.795501354412878
2020-06-12 00:00:00.524000,525,2,3,32.255868006427896
2020-06-12 00:00:00.525000,526,2,5,34.31093937338393
2020-06-12 00:00:00.526000,527,2,2,33.22259510464788
2020-06-12 00:00:00.527000,528,2,2,31.6752759346581
2020-06-12 00:00:00.528000,529,2,1,31.309561345387234
2020-06-12 00:00:00.529000,530,2,4,33.184251383417205
2020-06-12 00:00:00.530000,531,2,1,34.42476092825382
2020-06-12 00:00:00.531000,532,2,1,33.273291022628854
2020-06-12 00:00:00.532000,533,2,5,34.87918691821814
2020-06-12 00:00:00.533000,534,2,5,33.83065152086935
2020-06-12 00:00:00.534000,535,2,4,31.55562976220358
2020-06-12 00:00:00.535000,536,2,2,34.17225233455319
2020-06-12 00:00:00.536000,537,2,4,32.41872934566205
2020-06-12 00:00:00.537000,538,2,5,34.59477562572804
2020-06-12 00:00:00.538000,539,2,4,32.81464701449426
2020-06-12 00:00:00.539000,540,2,1,31.225714148948523
2020-06-12 00:00:00.540000,541,2,1,32.74925811108969
2020-06-12 00:00:00.541000,542,2,3,30.13237131823976
2020-06-12 00:00:00.542000,543,2,4,31.162056626888678
2020-06-12 00:00:00.543000,544,2,5,32.98551205272235
2020-06-12 00:00:00.544000,545,2,6,34.85867855943451
2020-06-12 00:00:00.545000,546,2,4,30.34791805436991
2020-06-12 00:00:00.546000,547,2,4,31.89909195997723
2020-06-12 00:00:00.547000,548,2,1,32.88645640113465
2020-06-12 00:00:00.548000,549,2,2,33.076763318215654
2020-06-12 00:00:00.549000,550,2,6,32.601414733109564
2020-06-12 00:00:00.550000,551,2,5,30.939217674223915
2020-06-12 00:00:00.551000,552,2,1,30.629879175709505
2020-06-12 00:00:00.552000,553,2,2,30.41671752109792
2020-06-12 00:00:00.553000,554,2,6,30.79609038646736
2020-06-12 00:00:00.554000,555,2,2,34.511480952322344
2020-06-12 00:00:00.555000,556,2,4,32.28132987413249
2020-06-12 00:00:00.556000,557,2,3,31.622628403298727
2020-06-12 00:00:00.557000,558,2,2,34.34506605645296
2020-06-12 00:00:00.558000,559,2,5,32.31160511492572
2020-06-12 00:00:00.559000,560,2,1,33.50184030048372
2020-06-12 00:00:00.560000,561,2,1,32.209664971838876
2020-06-12 00:00:00.561000,562,2,2,31.66676077835153
2020-06-12 00:00:00.562000,563,2,2,30.129650665551818
2020-06-12 00:00:00.563000,564,2,4,30.05219594660672
2020-06-12 00:00:00.564000,565,2,2,31.899527652180907
2020-06-12 00:00:00.565000,566,2,1,32.16943977851799
2020-06-12 00:00:00.566000,567,2,1,34.379650203295185
2020-06-12 00:00:00.567000,568,2,3,31.562896912057354
2020-06-12 00:00:00.568000,569,2,6,31.54917511809818
2020-06-12 00:00:00.569000,570,2,5,33.01398919557916
2020-06-12 00:00:00.570000,571,2,5,34.34554112599057
2020-06-12 00:00:00.571000,572,2,2,30.617380210573643
2020-06-12 00:00:00.572000,573,2,4,34.19261105488723
2020-06-12 00:00:00.573000,574,2,5,31.096564440858273
2020-06-12 00:00:00.574000,575,2,3,32.38232937034993
2020-06-12 00:00:00.575000,576,2,6,34.77823458384173
2020-06-12 00:00:00.576000,577,2,2,31.708187976985585
2020-06-12 00:00:00.577000,578,2,5,33.53097679184669
2020-06-12 00:00:00.578000,579,2,2,33.54061903831285
2020-06-12 00:00:00.579000,580,2,6,30.051356164626295
2020-06-12 00:00:00.580000,581,2,2,32.13662173194353
2020-06-12 00:00:00.581000,582,2,3,31.673496286243903
2020-06-12 00:00:00.582000,583,2,5,31.12046279698678
2020-06-12 00:00:00.583000,584,2,2,31.669472226524967
2020-06-12 00:00:00.584000,585,2,4,30.81286271679796
2020-06-12 00:00:00.585000,586,2,6,31.282323960748887
2020-06-12 00:00:00.586000,587,2,3,34.36869536868385
2020-06-12 00:00:00.587000,588,2,4,33.7150819851128
2020-06-12 00:00:00.588000,589,2,5,30.18702887587189
2020-06-12 00:00:00.589000,590,2,6,33.157833927645996
2020-06-12 00:00:00.590000,591,2,4,32.61104114383452
2020-06-12 00:00:00.591000,592,2,3,34.38867991002708
2020-06-12 00:00:00.592000,593,2,6,31.591306794966762
2020-06-12 00:00:00.593000,594,2,2,32.230958959532664
2020-06-12 00:00:00.594000,595,2,4,33.10050212938889
2020-06-12 00:00:00.595000,596,2,4,32.996470327969796
2020-06-12 00:00:00.596000,597,2,4,31.334422996251405
2020-06-12 00:00:00.597000,598,2,2,33.48952803501816
2020-06-12 00:00:00.598000,599,2,3,33.1779386228327
2020-06-12 00:00:00.599000,600,2,6,32.98409629506638
2020-06-12 00:00:00.600000,601,2,6,33.441625332560896
2020-06-12 00:00:00.601000,602,2,4,31.598084453386665
2020-06-12 00:00:00.602000,603,2,3,33.71293364438064
2020-06-12 00:00:00.603000,604,2,3,30.251833358456683
2020-06-12 00:00:00.604000,605,2,5,31.917928996382376
2020-06-12 00:00:00.605000,606,2,3,31.60712410503639
2020-06-12 00:00:00.606000,607,2,6,33.01668576032469
2020-06-12 00:00:00.607000,608,2,3,31.529085982224203
2020-06-12 00:00:00.608000,609,2,3,30.430818280926538
2020-06-12 00:00:00.609000,610,2,1,33.45757244251798
2020-06-12 00:00:00.610000,611,2,6,31.395753834472327
2020-06-12 00:00:00.611000,612,2,5,31.223198531613
2020-06-12 00:00:00.612000,613,2,6,34.56551596853017
2020-06-12 00:00:00.613000,614,2,2,34.4455512583456
2020-06-12 00:00:00.614000,615,2,3,34.58625313032265
2020-06-12 00:00:00.615000,616,2,3,31.86996098349405
2020-06-12 00:00:00.616000,617,2,6,30.114725379398973
2020-06-12 00:00:00.617000,618,2,1,30.152365864436778
2020-06-12 00:00:00.618000,619,2,2,32.37183457809396
2020-06-12 00:00:00.619000,620,2,3,30.84975354575946
2020-06-12 00:00:00.620000,621,2,1,34.364021470954484
2020-06-12 00:00:00.621000,622,2,1,31.39390767268277
2020-06-12 00:00:00.622000,623,2,1,30.280495803277095
2020-06-12 00:00:00.623000,624,2,1,32.3082194916735
2020-06-12 00:00:00.624000,625,2,1,30.044397949554984
2020-06-12 00:00:00.625000,626,2,1,33.48083232227072
2020-06-12 00:00:00.626000,627,2,6,30.87741457310939
2020-06-12 00:00:00.627000,628,2,3,34.545318226579866
2020-06-12 00:00:00.628000,629,2,6,32.95512207397675
2020-06-12 00:00:00.629000,630,2,5,30.491923325579872
2020-06-12 00:00:00.630000,631,2,2,33.93574359862591
2020-06-12 00:00:00.631000,632,2,3,32.95819139920813
2020-06-12 00:00:00.632000,633,2,6,31.118033948172858
2020-06-12 00:00:00.633000,634,2,1,31.00153348319939
2020-06-12 00:00:00.634000,635,2,2,32.84158916519607
2020-06-12 00:00:00.635000,636,2,4,34.753891372990786
2020-06-12 00:00:00.636000,637,2,2,33.80763443936552
2020-06-12 00:00:00.637000,638,2,2,32.86149530495465
2020-06-12 00:00:00.638000,639,2,3,32.33801512166613
2020-06-12 00:00:00.639000,640,2,4,31.201129349054547
2020-06-12 00:00:00.640000,641,2,5,33.82163899875797
2020-06-12 00:00:00.641000,642,2,3,30.05397230877523
2020-06-12 00:00:00.642000,643,2,3,30.126465424922625
2020-06-12 00:00:00.643000,644,2,6,34.33102323613358
2020-06-12 00:00:00.644000,645,2,5,34.099149807993086
2020-06-12 00:00:00.645000,646,2,3,30.268237689938104
2020-06-12 00:00:00.646000,647,2,1,33.38036634588951
2020-06-12 00:00:00.647000,648,2,2,34.111105076559504
2020-06-12 00:00:00.648000,649,2,2,34.7273896641368
2020-06-12 00:00:00.649000,650,2,6,33.15333126579683
2020-06-12 00:00:00.650000,651,2,1,33.98464598626769
2020-06-12 00:00:00.651000,652,2,2,30.63385521612449
2020-06-12 00:00:00.652000,653,2,1,34.63336504497583
2020-06-12 00:00:00.653000,654,2,4,31.794394719668542
2020-06-12 00:00:00.654000,655,2,5,33.653346807379386
2020-06-12 00:00:00.655000,656,2,5,33.51889078913403
2020-06-12 00:00:00.656000,657,2,1,34.320942656297056
2020-06-12 00:00:00.657000,658,2,3,33.50246232320153
2020-06-12 00:00:00.658000,659,2,4,31.598000892473653
2020-06-12 00:00:00.659000,660,2,4,34.599518699643625
2020-06-12 00:00:00.660000,661,2,3,30.190920922677186
2020-06-12 00:00:00.661000,662,2,2,32.14545157298307
2020-06-12 00:00:00.662000,663,2,5,30.563439093356983
2020-06-12 00:00:00.663000,664,2,5,31.36306492869919
2020-06-12 00:00:00.664000,665,2,2,30.539538462855255
2020-06-12 00:00:00.665000,666,2,6,32.56316895445041
2020-06-12 00:00:00.666000,667,2,3,31.500255105040498
2020-06-12 00:00:00.667000,668,2,4,33.439107587570156
2020-06-12 00:00:00.668000,669,2,2,32.334092464790096
2020-06-12 00:00:00.669000,670,2,6,32.397747821065785
2020-06-12 00:00:00.670000,671,2,5,31.196767970344013
2020-06-12 00:00:00.671000,672,2,6,30.038482996488316
2020-06-12 00:00:00.672000,673,2,1,32.1170171101245
2020-06-12 00:00:00.673000,674,2,1,30.78449902390034
2020-06-12 00:00:00.674000,675,2,4,30.462741463634522
2020-06-12 00:00:00.675000,676,2,5,34.63507912310949
2020-06-12 00:00:00.676000,677,2,2,30.94291985379229
2020-06-12 00:00:00.677000,678,2,2,30.955727049307278
2020-06-12 00:00:00.678000,679,2,6,30.597803082501247
2020-06-12 00:00:00.679000,680,2,3,33.714144177025766
2020-06-12 00:00:00.680000,681,2,3,31.7637381233275
2020-06-12 00:00:00.681000,682,2,5,32.56202866080372
2020-06-12 00:00:00.682000,683,2,4,33.395357538506104
2020-06-12 00:00:00.683000,684,2,5,32.28789081715669
2020-06-12 00:00:00.684000,685,2,5,30.737867301316715
2020-06-12 00:00:00.685000,686,2,6,31.414475778764597
2020-06-12 00:00:00.686000,687,2,4,32.42020818209984
2020-06-12 00:00:00.687000,688,2,5,32.70586427213844
2020-06-12 00:00:00.688000,689,2,6,34.01321822798717
2020-06-12 00:00:00.689000,690,2,1,32.98897621620624
2020-06-12 00:00:00.690000,691,2,1,30.482560680811375
2020-06-12 00:00:00.691000,692,2,2,30.90626344878138
2020-06-12 00:00:00.692000,693,2,1,32.46465155889776
2020-06-12 00:00:00.693000,694,2,4,33.166830605024586
2020-06-12 00:00:00.694000,695,2,4,32.19603127763842
2020-06-12 00:00:00.695000,696,2,6,31.012158157017893
2020-06-12 00:00:00.696000,697,2,4,32.552429110644894
2020-06-12 00:00:00.697000,698,2,3,31.41978583585317
2020-06-12 00:00:00.698000,699,2,2,30.111968281964465
2020-06-12 00:00:00.699000,700,2,4,33.86342543904418
2020-06-12 00:00:00.700000,701,2,5,31.748941797513904
2020-06-12 00:00:00.701000,702,2,2,30.55692585512361
2020-06-12 00:00:00.702000,703,2,1,33.06354859538044
2020-06-12 00:00:00.703000,704,2,5,32.33490455656663
2020-06-12 00:00:00.704000,705,2,6,31.668970382879063
2020-06-12 00:00:00.705000,706,2,6,32.76067553338837
2020-06-12 00:00:00.706000,707,2,5,33.85960569580552
2020-06-12 00:00:00.707000,708,2,3,34.99075277330384
2020-06-12 00:00:00.708000,709,2,1,30.64090754719542
2020-06-12 00:00:00.709000,710,2,3,31.463413189207248
2020-06-12 00:00:00.710000,711,2,4,31.734673312094955
2020-06-12 00:00:00.711000,712,2,3,30.666139772471677
2020-06-12 00:00:00.712000,713,2,6,30.12670222632596
2020-06-12 00:00:00.713000,714,2,5,33.367845710835816
2020-06-12 00:00:00.714000,715,2,1,31.656464747017523
2020-06-12 00:00:00.715000,716,2,2,31.539260678094784
2020-06-12 00:00:00.716000,717,2,3,33.28064422456444
2020-06-12 00:00:00.717000,718,2,4,34.30616273339961
2020-06-12 00:00:00.718000,719,2,5,31.182275047361184
2020-06-12 00:00:00.719000,720,2,1,30.907864378217344
2020-06-12 00:00:00.720000,721,2,6,31.02193676839316
2020-06-12 00:00:00.721000,722,2,2,31.673301461785123
2020-06-12 00:00:00.722000,723,2,6,33.50034904585625
2020-06-12 00:00:00.723000,724,2,5,34.911524452121
2020-06-12 00:00:00.724000,725,2,6,32.81546401842503
2020-06-12 00:00:00.725000,726,2,6,33.19677223993618
2020-06-12 00:00:00.726000,727,2,1,33.42405298498112
2020-06-12 00:00:00.727000,728,2,3,30.839069932522488
2020-06-12 00:00:00.728000,729,2,5,31.705251314504
2020-06-12 00:00:00.729000,730,2,4,32.03289120704075
2020-06-12 00:00:00.730000,731,2,5,30.07105006023077
2020-06-12 00:00:00.731000,732,2,6,34.078763056096925
2020-06-12 00:00:00.732000,733,2,5,33.62488341900094
2020-06-12 00:00:00.733000,734,2,6,33.05450545276524
2020-06-12 00:00:00.734000,735,2,3,32.18270857870192
2020-06-12 00:00:00.735000,736,2,1,30.6410546345554
2020-06-12 00:00:00.736000,737,2,6,32.21536990082564
2020-06-12 00:00:00.737000,738,2,1,31.621099410763936
2020-06-12 00:00:00.738000,739,2,2,33.897815095574764
2020-06-12 00:00:00.739000,740,2,2,34.30683393483528
2020-06-12 00:00:00.740000,741,2,3,31.452465967445566
2020-06-12 00:00:00.741000,742,2,6,31.419913264977748
2020-06-12 00:00:00.742000,743,2,5,30.65309886813795
2020-06-12 00:00:00.743000,744,2,1,30.084373187773192
2020-06-12 00:00:00.744000,745,2,4,30.92932026982173
2020-06-12 00:00:00.745000,746,2,1,32.8905426442967
2020-06-12 00:00:00.746000,747,2,3,32.57346061294146
2020-06-12 00:00:00.747000,748,2,1,30.279800322058072
2020-06-12 00:00:00.748000,749,2,3,31.179205127851684
2020-06-12 00:00:00.749000,750,2,6,31.46513757572991
2020-06-12 00:00:00.750000,751,2,6,30.68772977140004
2020-06-12 00:00:00.751000,752,2,1,32.163610448619536
2020-06-12 00:00:00.752000,753,2,3,31.16790165655472
2020-06-12 00:00:00.753000,754,2,3,34.03645588564762
2020-06-12 00:00:00.754000,755,2,1,32.47145519146221
2020-06-12 00:00:00.755000,756,2,3,34.61291717095696
2020-06-12 00:00:00.756000,757,2,3,32.96748844252065
2020-06-12 00:00:00.757000,758,2,5,31.482266413091796
2020-06-12 00:00:00.758000,759,2,3,32.63698122243606
2020-06-12 00:00:00.759000,760,2,3,34.1385805617
2020-06-12 00:00:00.760000,761,2,1,31.062157640917796
2020-06-12 00:00:00.761000,762,2,6,32.037968721013044
2020-06-12 00:00:00.762000,763,2,1,34.84382042483132
2020-06-12 00:00:00.763000,764,2,6,30.03857819420961
2020-06-12 00:00:00.764000,765,2,3,31.464397200487916
2020-06-12 00:00:00.765000,766,2,4,32.14208523171879
2020-06-12 00:00:00.766000,767,2,3,32.1024493162451
2020-06-12 00:00:00.767000,768,2,2,31.162769880132664
2020-06-12 00:00:00.768000,769,2,1,32.53341427212596
2020-06-12 00:00:00.769000,770,2,2,33.96657694607464
2020-06-12 00:00:00.770000,771,2,2,34.43602999634115
2020-06-12 00:00:00.771000,772,2,6,32.25259451823401
2020-06-12 00:00:00.772000,773,2,2,30.229235795515706
2020-06-12 00:00:00.773000,774,2,3,32.93495890815738
2020-06-12 00:00:00.774000,775,2,6,32.816259542465744
2020-06-12 00:00:00.775000,776,2,5,33.99369803385009
2020-06-12 00:00:00.776000,777,2,6,32.847342163310316
2020-06-12 00:00:00.777000,778,2,6,31.100781176584523
2020-06-12 00:00:00.778000,779,2,3,34.02606111102759
2020-06-12 00:00:00.779000,780,2,1,31.815514923636435
2020-06-12 00:00:00.780000,781,2,2,34.66462431390312
2020-06-12 00:00:00.781000,782,2,4,34.58665143306004
2020-06-12 00:00:00.782000,783,2,3,33.161750039497576
2020-06-12 00:00:00.783000,784,2,6,30.062779650949647
2020-06-12 00:00:00.784000,785,2,2,32.2835529915554
2020-06-12 00:00:00.785000,786,2,3,30.80107256643434
2020-06-12 00:00:00.786000,787,2,1,33.64801033132898
2020-06-12 00:00:00.787000,788,2,1,30.574340578118395
2020-06-12 00:00:00.788000,789,2,3,32.21877387841538
2020-06-12 00:00:00.789000,790,2,4,32.062835358318374
2020-06-12 00:00:00.790000,791,2,4,33.69789729415396
2020-06-12 00:00:00.791000,792,2,5,32.71087738958713
2020-06-12 00:00:00.792000,793,2,2,34.53747506854986
2020-06-12 00:00:00.793000,794,2,3,33.13022925533369
2020-06-12 00:00:00.794000,795,2,5,32.535024553024655
2020-06-12 00:00:00.795000,796,2,4,32.268035361546495
2020-06-12 00:00:00.796000,797,2,4,34.706088028043595
2020-06-12 00:00:00.797000,798,2,4,34.18429044231935
2020-06-12 00:00:00.798000,799,2,2,32.28313401066918
2020-06-12 00:00:00.799000,800,2,4,33.72959461102595
2020-06-12 00:00:00.800000,801,2,3,34.31019659773884
2020-06-12 00:00:00.801000,802,2,6,31.09425893081121
2020-06-12 00:00:00.802000,803,2,3,32.36252479286997
2020-06-12 00:00:00.803000,804,2,5,33.972933541873225
2020-06-12 00:00:00.804000,805,2,6,30.156570042725793
2020-06-12 00:00:00.805000,806,2,5,33.49901673336639
2020-06-12 00:00:00.806000,807,2,3,30.49745479388354
2020-06-12 00:00:00.807000,808,2,4,31.158481651092625
2020-06-12 00:00:00.808000,809,2,4,32.269896445029
2020-06-12 00:00:00.809000,810,2,5,30.830685302380743
2020-06-12 00:00:00.810000,811,2,6,32.12769087188261
2020-06-12 00:00:00.811000,812,2,3,31.637891567953236
2020-06-12 00:00:00.812000,813,2,5,31.71278752728575
2020-06-12 00:00:00.813000,814,2,5,33.02414955235383
2020-06-12 00:00:00.814000,815,2,3,34.92643032429339
2020-06-12 00:00:00.815000,816,2,4,30.084371092202893
2020-06-12 00:00:00.816000,817,2,6,32.191522483537106
2020-06-12 00:00:00.817000,818,2,5,31.903190599781947
2020-06-12 00:00:00.818000,819,2,4,30.73544098343115
2020-06-12 00:00:00.819000,820,2,1,32.58645812734406
2020-06-12 00:00:00.820000,821,2,2,31.64570653728605
2020-06-12 00:00:00.821000,822,2,3,31.935625163150007
2020-06-12 00:00:00.822000,823,2,5,33.99569401326393
2020-06-12 00:00:00.823000,824,2,3,31.864877206427266
2020-06-12 00:00:00.824000,825,2,5,33.999284845613005
2020-06-12 00:00:00.825000,826,2,3,32.50773722343702
2020-06-12 00:00:00.826000,827,2,1,33.8562448610351
2020-06-12 00:00:00.827000,828,2,2,30.50509112938857
2020-06-12 00:00:00.828000,829,2,3,30.856308840226678
2020-06-12 00:00:00.829000,830,2,2,31.73748161359514
2020-06-12 00:00:00.830000,831,2,1,33.60558943610156
2020-06-12 00:00:00.831000,832,2,1,34.90127656934925
2020-06-12 00:00:00.832000,833,2,3,33.86960901981686
2020-06-12 00:00:00.833000,834,2,3,34.15294810998371
2020-06-12 00:00:00.834000,835,2,1,34.79114497253616
2020-06-12 00:00:00.835000,836,2,1,30.422462664827687
2020-06-12 00:00:00.836000,837,2,4,31.69517700242421
2020-06-12 00:00:00.837000,838,2,2,34.570277215601045
2020-06-12 00:00:00.838000,839,2,3,30.441964851242048
2020-06-12 00:00:00.839000,840,2,4,33.541767477979505
2020-06-12 00:00:00.840000,841,2,2,31.51669399770614
2020-06-12 00:00:00.841000,842,2,5,32.698170484588175
2020-06-12 00:00:00.842000,843,2,5,34.01132199849189
2020-06-12 00:00:00.843000,844,2,4,30.462510674430106
2020-06-12 00:00:00.844000,845,2,3,34.769194914403926
2020-06-12 00:00:00.845000,846,2,4,32.15646222857471
2020-06-12 00:00:00.846000,847,2,1,34.18204123528517
2020-06-12 00:00:00.847000,848,2,5,34.498851180775
2020-06-12 00:00:00.848000,849,2,4,34.95238005392652
2020-06-12 00:00:00.849000,850,2,4,30.753002623811053
2020-06-12 00:00:00.850000,851,2,5,32.33362068919955
2020-06-12 00:00:00.851000,852,2,1,31.14044108102808
2020-06-12 00:00:00.852000,853,2,6,32.4067864926931
2020-06-12 00:00:00.853000,854,2,1,32.620267722493814
2020-06-12 00:00:00.854000,855,2,5,30.04663883456274
2020-06-12 00:00:00.855000,856,2,5,31.29796722711597
2020-06-12 00:00:00.856000,857,2,3,32.22237122440692
2020-06-12 00:00:00.857000,858,2,3,32.93676388972886
2020-06-12 00:00:00.858000,859,2,2,31.010240656071577
2020-06-12 00:00:00.859000,860,2,3,30.9788251422803
2020-06-12 00:00:00.860000,861,2,2,31.90794370451779
2020-06-12 00:00:00.861000,862,2,5,33.10240786827833
2020-06-12 00:00:00.862000,863,2,4,33.122015846398895
2020-06-12 00:00:00.863000,864,2,2,33.687575470546655
2020-06-12 00:00:00.864000,865,2,2,31.328844310306916
2020-06-12 00:00:00.865000,866,2,1,31.805295572471664
2020-06-12 00:00:00.866000,867,2,1,33.94594028359721
2020-06-12 00:00:00.867000,868,2,1,32.65958991432434
2020-06-12 00:00:00.868000,869,2,2,30.177250590685414
2020-06-12 00:00:00.869000,870,2,3,34.70697224845831
2020-06-12 00:00:00.870000,871,2,1,32.77490924199574
2020-06-12 00:00:00.871000,872,2,1,32.45256289416357
2020-06-12 00:00:00.872000,873,2,4,32.80265605461899
2020-06-12 00:00:00.873000,874,2,1,31.94467626476993
2020-06-12 00:00:00.874000,875,2,3,32.87201172297684
2020-06-12 00:00:00.875000,876,2,2,34.07512760989213
2020-06-12 00:00:00.876000,877,2,1,34.136693174003135
2020-06-12 00:00:00.877000,878,2,2,32.258054604066025
2020-06-12 00:00:00.878000,879,2,4,33.06166147678794
2020-06-12 00:00:00.879000,880,2,4,34.977071083187475
2020-06-12 00:00:00.880000,881,2,5,32.16451876553908
2020-06-12 00:00:00.881000,882,2,6,30.312897373663386
2020-06-12 00:00:00.882000,883,2,3,33.43755710738206
2020-06-12 00:00:00.883000,884,2,2,30.7877177232427
2020-06-12 00:00:00.884000,885,2,6,33.06927100737698
2020-06-12 00:00:00.885000,886,2,5,31.4666636091836
2020-06-12 00:00:00.886000,887,2,6,32.9514805330092
2020-06-12 00:00:00.887000,888,2,3,30.79955876225499
2020-06-12 00:00:00.888000,889,2,4,31.02731928644748
2020-06-12 00:00:00.889000,890,2,4,32.07932581162492
2020-06-12 00:00:00.890000,891,2,2,31.388648768269373
2020-06-12 00:00:00.891000,892,2,3,30.196790953373394
2020-06-12 00:00:00.892000,893,2,1,34.34747886002691
2020-06-12 00:00:00.893000,894,2,5,34.754930239462055
2020-06-12 00:00:00.894000,895,2,4,34.449262120785896
2020-06-12 00:00:00.895000,896,2,1,30.286592188614765
2020-06-12 00:00:00.896000,897,2,2,33.51599515398989
2020-06-12 00:00:00.897000,898,2,2,34.000620576642106
2020-06-12 00:00:00.898000,899,2,2,33.744022825458956
2020-06-12 00:00:00.899000,900,2,1,30.54611016776423
2020-06-12 00:00:00.900000,901,2,4,31.012186028730166
2020-06-12 00:00:00.901000,902,2,1,32.046195361050415
2020-06-12 00:00:00.902000,903,2,1,30.233453503186315
2020-06-12 00:00:00.903000,904,2,6,34.99044732255665
2020-06-12 00:00:00.904000,905,2,6,30.106424254959865
2020-06-12 00:00:00.905000,906,2,4,31.494693750534367
2020-06-12 00:00:00.906000,907,2,3,30.507892913601804
2020-06-12 00:00:00.907000,908,2,4,30.0752227108985
2020-06-12 00:00:00.908000,909,2,6,33.72613509935256
2020-06-12 00:00:00.909000,910,2,6,30.889432940713558
2020-06-12 00:00:00.910000,911,2,5,30.365426336196812
2020-06-12 00:00:00.911000,912,2,6,31.661000068219618
2020-06-12 00:00:00.912000,913,2,1,34.910351386697656
2020-06-12 00:00:00.913000,914,2,2,30.87391117469983
2020-06-12 00:00:00.914000,915,2,2,32.39023977697758
2020-06-12 00:00:00.915000,916,2,2,34.57612436523558
2020-06-12 00:00:00.916000,917,2,5,33.76856057684902
2020-06-12 00:00:00.917000,918,2,4,33.632751985661926
2020-06-12 00:00:00.918000,919,2,2,32.69025525764149
2020-06-12 00:00:00.919000,920,2,1,31.237654527668475
2020-06-12 00:00:00.920000,921,2,6,32.33423828727794
2020-06-12 00:00:00.921000,922,2,3,31.251900520343657
2020-06-12 00:00:00.922000,923,2,6,30.143401983008093
2020-06-12 00:00:00.923000,924,2,6,30.8567126545238
2020-06-12 00:00:00.924000,925,2,4,32.10177937852946
2020-06-12 00:00:00.925000,926,2,1,33.714184396118966
2020-06-12 00:00:00.926000,927,2,4,32.79110101739086
2020-06-12 00:00:00.927000,928,2,3,32.78135661875747
2020-06-12 00:00:00.928000,929,2,4,33.17600874016392
2020-06-12 00:00:00.929000,930,2,1,32.30690353201816
2020-06-12 00:00:00.930000,931,2,1,33.900732834495756
2020-06-12 00:00:00.931000,932,2,2,33.53823934440803
2020-06-12 00:00:00.932000,933,2,2,32.86917430368777
2020-06-12 00:00:00.933000,934,2,2,31.9150829038824
2020-06-12 00:00:00.934000,935,2,1,30.197572654716208
2020-06-12 00:00:00.935000,936,2,2,34.195595428793375
2020-06-12 00:00:00.936000,937,2,6,34.198289463047296
2020-06-12 00:00:00.937000,938,2,2,30.96752752314058
2020-06-12 00:00:00.938000,939,2,2,32.46703668591988
2020-06-12 00:00:00.939000,940,2,6,34.93065879745558
2020-06-12 00:00:00.940000,941,2,6,34.83611291399572
2020-06-12 00:00:00.941000,942,2,2,32.18932110976001
2020-06-12 00:00:00.942000,943,2,1,30.377751629021834
2020-06-12 00:00:00.943000,944,2,3,34.208720133881556
2020-06-12 00:00:00.944000,945,2,2,32.96670223260296
2020-06-12 00:00:00.945000,946,2,2,30.531400774474065
2020-06-12 00:00:00.946000,947,2,5,34.51937912329778
2020-06-12 00:00:00.947000,948,2,6,34.55870055197788
2020-06-12 00:00:00.948000,949,2,5,33.97273729248044
2020-06-12 00:00:00.949000,950,2,2,32.01670464528324
2020-06-12 00:00:00.950000,951,2,3,31.061277706663112
2020-06-12 00:00:00.951000,952,2,3,30.95814969981049
2020-06-12 00:00:00.952000,953,2,5,30.447119103738174
2020-06-12 00:00:00.953000,954,2,5,33.955292501012416
2020-06-12 00:00:00.954000,955,2,5,34.31171877532728
2020-06-12 00:00:00.955000,956,2,2,34.522173399181355
2020-06-12 00:00:00.956000,957,2,5,31.78554633208059
2020-06-12 00:00:00.957000,958,2,5,30.370125794904926
2020-06-12 00:00:00.958000,959,2,4,30.443763342159443
2020-06-12 00:00:00.959000,960,2,3,34.804786167618346
2020-06-12 00:00:00.960000,961,2,3,31.77875533835596
2020-06-12 00:00:00.961000,962,2,4,34.67231947451649
2020-06-12 00:00:00.962000,963,2,5,32.9926985324668
2020-06-12 00:00:00.963000,964,2,3,30.926885199460926
2020-06-12 00:00:00.964000,965,2,1,34.316056558689596
2020-06-12 00:00:00.965000,966,2,6,32.53555032281612
2020-06-12 00:00:00.966000,967,2,2,33.83060860830171
2020-06-12 00:00:00.967000,968,2,3,30.16742704884118
2020-06-12 00:00:00.968000,969,2,6,31.64420543482021
2020-06-12 00:00:00.969000,970,2,6,32.12364351175255
2020-06-12 00:00:00.970000,971,2,6,32.04556851677286
2020-06-12 00:00:00.971000,972,2,6,33.13358733384997
2020-06-12 00:00:00.972000,973,2,3,34.82549260220682
2020-06-12 00:00:00.973000,974,2,5,32.418512903230045
2020-06-12 00:00:00.974000,975,2,5,33.22734251712707
2020-06-12 00:00:00.975000,976,2,6,31.46011436498333
2020-06-12 00:00:00.976000,977,2,3,32.923547269953495
2020-06-12 00:00:00.977000,978,2,5,34.684940156530374
2020-06-12 00:00:00.978000,979,2,4,34.718798424721705
2020-06-12 00:00:00.979000,980,2,4,31.41651498068032
2020-06-12 00:00:00.980000,981,2,6,34.197875967502824
2020-06-12 00:00:00.981000,982,2,1,31.416974993304002
2020-06-12 00:00:00.982000,983,2,4,32.16779931345205
2020-06-12 00:00:00.983000,984,2,6,30.82095509054565
2020-06-12 00:00:00.984000,985,2,4,30.026110609224478
2020-06-12 00:00:00.985000,986,2,2,32.74256027856214
2020-06-12 00:00:00.986000,987,2,4,30.410512930349466
2020-06-12 00:00:00.987000,988,2,6,30.67573899810649
2020-06-12 00:00:00.988000,989,2,2,31.873334982487012
2020-06-12 00:00:00.989000,990,2,3,31.460756934033167
2020-06-12 00:00:00.990000,991,2,2,32.33022611240742
2020-06-12 00:00:00.991000,992,2,2,30.298542645271276
2020-06-12 00:00:00.992000,993,2,2,30.89534873630519
2020-06-12 00:00:00.993000,994,2,4,30.04057706051647
2020-06-12 00:00:00.994000,995,2,2,31.929317569495126
2020-06-12 00:00:00.995000,996,2,3,31.190932586945394
2020-06-12 00:00:00.996000,997,2,5,32.203165038449875
2020-06-12 00:00:00.997000,998,2,6,32.38590237640272
2020-06-12 00:00:00.998000,999,2,4,32.33155156396417
2020-06-12 00:00:00.999000,1000,2,2,30.80072567864221
